seed,dataset,protect_size,reg_epochs,ptb_epochs,ptb_rate,ptb_sample_num,ptb_sample_size,ratio_g0,ratio_gX,ratio_g0gX,feature,corr,entropy,base_g0,base_gX,d_g0,d_gX,edges,add_g0_same,add_g0_diff,add_gX_same,add_gX_diff,add_g0gX_same,add_g0gX_diff,remove_g0_same,remove_g0_diff,remove_gX_same,remove_gX_diff,remove_g0gX_same,remove_g0gX_diff
100,cora,0.1,100,30,0.25,20,500,0.11421911418437958,0.31460970640182495,0.5711711645126343,-1,1.0,2.641742706298828,0.7276118993759155,0.7467213273048401,-0.4776118993759155,-0.06065577268600464,2539,74,394,73,233,108,1657,0,0,0,0,0,0
100,cora,0.1,100,30,0.25,20,500,0.11421911418437958,0.31460970640182495,0.5711711645126343,1263,0.2510770559310913,0.9442414045333862,0.6865671277046204,0.7045081853866577,-0.044776082038879395,-0.014344274997711182,2539,258,210,167,139,1026,739,0,0,0,0,0,0
100,cora,0.1,100,30,0.25,20,500,0.11421911418437958,0.31460970640182495,0.5711711645126343,1177,0.010831357911229134,0.9709073901176453,0.6119402647018433,0.5856557488441467,-0.0708954930305481,0.0,2539,241,227,146,160,872,893,0,0,0,0,0,0
100,cora,0.1,100,30,0.25,20,500,0.11421911418437958,0.31460970640182495,0.5711711645126343,507,0.07232479006052017,0.8106923699378967,0.7238805890083313,0.7270491719245911,0.022388041019439697,-0.023770511150360107,2539,318,150,215,91,1152,613,0,0,0,0,0,0
100,cora,0.1,100,30,0.25,20,500,0.11421911418437958,0.31460970640182495,0.5711711645126343,19,0.11689484119415283,0.7353110313415527,0.8059701323509216,0.810245931148529,0.011194050312042236,-0.021311521530151367,2539,344,124,221,85,1253,512,0,0,0,0,0,0
100,cora,0.1,100,30,0.25,20,500,0.11421911418437958,0.31460970640182495,0.5711711645126343,1209,0.010354598052799702,0.7521581649780273,0.6828358173370361,0.7192623019218445,0.02985072135925293,0.01803278923034668,2539,330,138,215,91,1212,553,0,0,0,0,0,0
100,cora,0.1,100,30,0.25,20,500,0.11421911418437958,0.31460970640182495,0.5711711645126343,1075,0.08424898236989975,0.6649516224861145,0.7537313103675842,0.769672155380249,-0.044776082038879395,-0.045491814613342285,2539,319,149,202,104,1258,507,0,0,0,0,0,0
100,cora,0.1,100,30,0.25,20,500,0.11421911418437958,0.31460970640182495,0.5711711645126343,774,0.12890876829624176,0.6059454083442688,0.8171641826629639,0.8081967234611511,0.0485074520111084,0.020081937313079834,2539,393,75,239,67,1381,384,0,0,0,0,0,0
100,cora,0.1,100,30,0.25,20,500,0.11421911418437958,0.31460970640182495,0.5711711645126343,495,0.2750527858734131,0.44780606031417847,0.9216417670249939,0.9139344096183777,-0.02985072135925293,0.0032787322998046875,2539,380,88,283,23,1437,328,0,0,0,0,0,0
100,cora,0.1,100,30,0.25,20,500,0.11421911418437958,0.31460970640182495,0.5711711645126343,1381,0.04119887575507164,0.6260479688644409,0.7126865386962891,0.7221311330795288,0.059701502323150635,0.0016393661499023438,2539,317,151,219,87,1303,462,0,0,0,0,0,0
100,cora,0.1,100,30,0.25,20,500,0.11421911418437958,0.31460970640182495,0.5711711645126343,1328,0.03658942133188248,0.5733827352523804,0.8208954930305481,0.7877049446105957,0.014925360679626465,-0.04713118076324463,2539,393,75,241,65,1365,400,0,0,0,0,0,0
100,cora,0.1,100,30,0.5,20,500,0.10049346834421158,0.3452370762825012,0.5542694330215454,-1,1.0,2.641742706298828,0.7276118993759155,0.7467213273048401,-0.5708954781293869,-0.0479508638381958,5206,183,860,218,420,211,3314,0,0,0,0,0,0
100,cora,0.1,100,30,0.5,20,500,0.10049346834421158,0.3452370762825012,0.5542694330215454,1263,0.2510770559310913,0.9442414045333862,0.6865671277046204,0.7045081853866577,-0.08955222368240356,-0.010245919227600098,5206,583,460,362,276,1984,1541,0,0,0,0,0,0
100,cora,0.1,100,30,0.5,20,500,0.10049346834421158,0.3452370762825012,0.5542694330215454,1177,0.010831357911229134,0.9709073901176453,0.6119402647018433,0.5856557488441467,-0.0970149040222168,-0.0065574049949646,5206,561,482,333,305,1802,1723,0,0,0,0,0,0
100,cora,0.1,100,30,0.5,20,500,0.10049346834421158,0.3452370762825012,0.5542694330215454,507,0.07232479006052017,0.8106923699378967,0.7238805890083313,0.7270491719245911,0.0261194109916687,-0.016393423080444336,5206,681,362,432,206,2278,1247,0,0,0,0,0,0
100,cora,0.1,100,30,0.5,20,500,0.10049346834421158,0.3452370762825012,0.5542694330215454,19,0.11689484119415283,0.7353110313415527,0.8059701323509216,0.810245931148529,0.022388041019439697,-0.015163958072662354,5206,744,299,452,186,2521,1004,0,0,0,0,0,0
100,cora,0.1,100,30,0.5,20,500,0.10049346834421158,0.3452370762825012,0.5542694330215454,1209,0.010354598052799702,0.7521581649780273,0.6828358173370361,0.7192623019218445,0.014925360679626465,-0.009836077690124512,5206,711,332,428,210,2387,1138,0,0,0,0,0,0
100,cora,0.1,100,30,0.5,20,500,0.10049346834421158,0.3452370762825012,0.5542694330215454,1075,0.08424898236989975,0.6649516224861145,0.7537313103675842,0.769672155380249,-0.05223876237869263,-0.0413934588432312,5206,742,301,431,207,2510,1015,0,0,0,0,0,0
100,cora,0.1,100,30,0.5,20,500,0.10049346834421158,0.3452370762825012,0.5542694330215454,774,0.12890876829624176,0.6059454083442688,0.8171641826629639,0.8081967234611511,0.06343281269073486,0.01885247230529785,5206,835,208,480,158,2763,762,0,0,0,0,0,0
100,cora,0.1,100,30,0.5,20,500,0.10049346834421158,0.3452370762825012,0.5542694330215454,495,0.2750527858734131,0.44780606031417847,0.9216417670249939,0.9139344096183777,-0.03731340169906616,0.0024590492248535156,5206,869,174,571,67,2857,668,0,0,0,0,0,0
100,cora,0.1,100,30,0.5,20,500,0.10049346834421158,0.3452370762825012,0.5542694330215454,1381,0.04119887575507164,0.6260479688644409,0.7126865386962891,0.7221311330795288,0.08955222368240356,0.013934433460235596,5206,728,315,458,180,2613,912,0,0,0,0,0,0
100,cora,0.1,100,30,0.5,20,500,0.10049346834421158,0.3452370762825012,0.5542694330215454,1328,0.03658942133188248,0.5733827352523804,0.8208954930305481,0.7877049446105957,0.01865673065185547,-0.01885247230529785,5206,854,189,484,154,2730,795,0,0,0,0,0,0
101,cora,0.1,100,30,0.25,20,500,0.04335765540599823,0.4062112867832184,0.5504311323165894,-1,1.0,2.641742706298828,0.7448979616165161,0.7137531042098999,-0.47959184646606445,-0.036039769649505615,2587,70,439,84,260,82,1651,0,0,0,0,1,0
101,cora,0.1,100,30,0.25,20,500,0.04335765540599823,0.4062112867832184,0.5504311323165894,1263,0.2510770559310913,0.9442414045333862,0.7448979616165161,0.7154101133346558,-0.1734694242477417,-0.021955251693725586,2587,281,228,167,177,881,852,0,0,0,0,0,1
101,cora,0.1,100,30,0.25,20,500,0.04335765540599823,0.4062112867832184,0.5504311323165894,1177,0.010831357911229134,0.9709073901176453,0.6394557952880859,0.5799502730369568,-0.05782318115234375,0.01159900426864624,2587,272,237,180,164,897,836,0,0,0,0,0,1
101,cora,0.1,100,30,0.25,20,500,0.04335765540599823,0.4062112867832184,0.5504311323165894,507,0.07232479006052017,0.8106923699378967,0.7074829936027527,0.7245236039161682,0.003401339054107666,-0.10687655210494995,2587,334,175,226,118,1074,659,0,0,0,0,0,1
101,cora,0.1,100,30,0.25,20,500,0.04335765540599823,0.4062112867832184,0.5504311323165894,19,0.11689484119415283,0.7353110313415527,0.7721088528633118,0.787075400352478,-0.02380955219268799,-0.012013256549835205,2587,363,146,241,103,1192,541,0,0,0,0,0,1
101,cora,0.1,100,30,0.25,20,500,0.04335765540599823,0.4062112867832184,0.5504311323165894,1209,0.010354598052799702,0.7521581649780273,0.7108843326568604,0.7079536318778992,0.013605475425720215,-0.005799531936645508,2587,336,173,217,127,1085,648,0,0,0,0,0,1
101,cora,0.1,100,30,0.25,20,500,0.04335765540599823,0.4062112867832184,0.5504311323165894,1075,0.08424898236989975,0.6649516224861145,0.8061224222183228,0.8082021474838257,-0.027210891246795654,-0.049295783042907715,2587,343,166,267,77,1226,507,0,0,0,0,0,1
101,cora,0.1,100,30,0.25,20,500,0.04335765540599823,0.4062112867832184,0.5504311323165894,774,0.12890876829624176,0.6059454083442688,0.8435373902320862,0.8446561694145203,0.013605475425720215,0.00041425228118896484,2587,397,112,258,86,1341,392,0,0,0,0,1,0
101,cora,0.1,100,30,0.25,20,500,0.04335765540599823,0.4062112867832184,0.5504311323165894,495,0.2750527858734131,0.44780606031417847,0.9217686653137207,0.8947804570198059,0.030612289905548096,0.018227040767669678,2587,442,67,307,37,1442,291,0,0,0,0,1,0
101,cora,0.1,100,30,0.25,20,500,0.04335765540599823,0.4062112867832184,0.5504311323165894,1381,0.04119887575507164,0.6260479688644409,0.7789115309715271,0.7518641352653503,0.01700681447982788,-0.0037282705307006836,2587,379,130,243,101,1240,493,0,0,0,0,1,0
101,cora,0.1,100,30,0.25,20,500,0.04335765540599823,0.4062112867832184,0.5504311323165894,1328,0.03658942133188248,0.5733827352523804,0.7619047164916992,0.7551781535148621,-0.003401339054107666,0.006213724613189697,2587,378,131,257,87,1349,384,0,0,0,0,1,0
101,cora,0.1,100,30,0.5,20,500,0.04462660476565361,0.4093717634677887,0.546001672744751,-1,1.0,2.641742706298828,0.7448979616165161,0.7137531042098999,-0.5340136140584946,-0.05550950765609741,5298,169,910,255,524,196,3242,1,0,0,0,1,0
101,cora,0.1,100,30,0.5,20,500,0.04462660476565361,0.4093717634677887,0.546001672744751,1263,0.2510770559310913,0.9442414045333862,0.7448979616165161,0.7154101133346558,-0.1972789168357849,-0.007456481456756592,5298,599,480,364,415,1776,1662,1,0,0,0,1,0
101,cora,0.1,100,30,0.5,20,500,0.04462660476565361,0.4093717634677887,0.546001672744751,1177,0.010831357911229134,0.9709073901176453,0.6394557952880859,0.5799502730369568,-0.01700681447982788,0.026097774505615234,5298,578,501,380,399,1729,1709,0,1,0,0,0,1
101,cora,0.1,100,30,0.5,20,500,0.04462660476565361,0.4093717634677887,0.546001672744751,507,0.07232479006052017,0.8106923699378967,0.7074829936027527,0.7245236039161682,0.05102038383483887,-0.0845070481300354,5298,722,357,505,274,2167,1271,0,1,0,0,1,0
101,cora,0.1,100,30,0.5,20,500,0.04462660476565361,0.4093717634677887,0.546001672744751,19,0.11689484119415283,0.7353110313415527,0.7721088528633118,0.787075400352478,-0.03741496801376343,-0.01408451795578003,5298,763,316,535,244,2393,1045,1,0,0,0,0,1
101,cora,0.1,100,30,0.5,20,500,0.04462660476565361,0.4093717634677887,0.546001672744751,1209,0.010354598052799702,0.7521581649780273,0.7108843326568604,0.7079536318778992,0.03061223030090332,0.021955251693725586,5298,704,375,485,294,2194,1244,0,1,0,0,0,1
101,cora,0.1,100,30,0.5,20,500,0.04462660476565361,0.4093717634677887,0.546001672744751,1075,0.08424898236989975,0.6649516224861145,0.8061224222183228,0.8082021474838257,0.0,-0.0033139586448669434,5298,742,337,567,212,2426,1012,1,0,0,0,1,0
101,cora,0.1,100,30,0.5,20,500,0.04462660476565361,0.4093717634677887,0.546001672744751,774,0.12890876829624176,0.6059454083442688,0.8435373902320862,0.8446561694145203,0.006802737712860107,-0.0132560133934021,5298,812,267,587,192,2638,800,1,0,0,0,0,1
101,cora,0.1,100,30,0.5,20,500,0.04462660476565361,0.4093717634677887,0.546001672744751,495,0.2750527858734131,0.44780606031417847,0.9217686653137207,0.8947804570198059,0.02380955219268799,0.02402651309967041,5298,923,156,709,70,2902,536,1,0,0,0,1,0
101,cora,0.1,100,30,0.5,20,500,0.04462660476565361,0.4093717634677887,0.546001672744751,1381,0.04119887575507164,0.6260479688644409,0.7789115309715271,0.7518641352653503,-0.08163261413574219,0.04225355386734009,5298,805,274,535,244,2505,933,1,0,0,0,1,0
101,cora,0.1,100,30,0.5,20,500,0.04462660476565361,0.4093717634677887,0.546001672744751,1328,0.03658942133188248,0.5733827352523804,0.7619047164916992,0.7551781535148621,0.061224520206451416,0.02319800853729248,5298,791,288,594,185,2635,803,1,0,0,0,1,0
102,cora,0.1,100,30,0.25,20,500,0.11231286823749542,0.33593806624412537,0.551749050617218,-1,1.0,2.641742706298828,0.7003745436668396,0.7107742428779602,-0.48689138889312744,-0.010651350021362305,2655,76,390,90,263,118,1715,0,0,3,0,0,0
102,cora,0.1,100,30,0.25,20,500,0.11231286823749542,0.33593806624412537,0.551749050617218,1263,0.2510770559310913,0.9442414045333862,0.6816479563713074,0.684965193271637,-0.09363299608230591,-0.01229006052017212,2655,242,224,202,151,968,865,0,0,3,0,0,0
102,cora,0.1,100,30,0.25,20,500,0.11231286823749542,0.33593806624412537,0.551749050617218,1177,0.010831357911229134,0.9709073901176453,0.5018726587295532,0.5850061178207397,0.011235952377319336,-0.01966404914855957,2655,239,227,191,162,941,892,0,0,2,1,0,0
102,cora,0.1,100,30,0.25,20,500,0.11231286823749542,0.33593806624412537,0.551749050617218,507,0.07232479006052017,0.8106923699378967,0.7078651785850525,0.6628431081771851,-0.029962539672851562,0.007783651351928711,2655,304,162,233,120,1141,692,0,0,3,0,0,0
102,cora,0.1,100,30,0.25,20,500,0.11231286823749542,0.33593806624412537,0.551749050617218,19,0.11689484119415283,0.7353110313415527,0.7977527976036072,0.7693567872047424,-0.022471904754638672,-0.03277343511581421,2655,319,147,252,101,1283,550,0,0,1,2,0,0
102,cora,0.1,100,30,0.25,20,500,0.11231286823749542,0.33593806624412537,0.551749050617218,1209,0.010354598052799702,0.7521581649780273,0.7528089880943298,0.6976648569107056,0.011235952377319336,0.008193373680114746,2655,296,170,236,117,1237,596,0,0,3,0,0,0
102,cora,0.1,100,30,0.25,20,500,0.11231286823749542,0.33593806624412537,0.551749050617218,1075,0.08424898236989975,0.6649516224861145,0.7116104960441589,0.7287996411323547,0.07865166664123535,0.04956984519958496,2655,314,152,242,111,1229,604,0,0,3,0,0,0
102,cora,0.1,100,30,0.25,20,500,0.11231286823749542,0.33593806624412537,0.551749050617218,774,0.12890876829624176,0.6059454083442688,0.8164793848991394,0.8103236556053162,0.056179821491241455,0.002048313617706299,2655,349,117,275,78,1429,404,0,0,1,2,0,0
102,cora,0.1,100,30,0.25,20,500,0.11231286823749542,0.33593806624412537,0.551749050617218,495,0.2750527858734131,0.44780606031417847,0.9026217460632324,0.9115116596221924,0.0,-0.007373988628387451,2655,388,78,319,34,1551,282,0,0,3,0,0,0
102,cora,0.1,100,30,0.25,20,500,0.11231286823749542,0.33593806624412537,0.551749050617218,1381,0.04119887575507164,0.6260479688644409,0.7265917658805847,0.7353543639183044,0.05617976188659668,-0.014338374137878418,2655,332,134,250,103,1262,571,0,0,2,1,0,0
102,cora,0.1,100,30,0.25,20,500,0.11231286823749542,0.33593806624412537,0.551749050617218,1328,0.03658942133188248,0.5733827352523804,0.8052434325218201,0.796394944190979,0.014981269836425781,-0.03809916973114014,2655,393,73,269,84,1458,375,0,0,2,1,0,0
102,cora,0.1,100,30,0.5,20,500,0.07043405622243881,0.38769492506980896,0.5418710708618164,-1,1.0,2.641742706298828,0.7003745436668396,0.7107742428779602,-0.5730337202548981,0.00040972232818603516,5290,164,793,220,490,220,3397,0,0,4,0,1,1
102,cora,0.1,100,30,0.5,20,500,0.07043405622243881,0.38769492506980896,0.5418710708618164,1263,0.2510770559310913,0.9442414045333862,0.6816479563713074,0.684965193271637,-0.11610490083694458,0.00040966272354125977,5290,512,445,398,312,1917,1700,0,0,3,1,1,1
102,cora,0.1,100,30,0.5,20,500,0.07043405622243881,0.38769492506980896,0.5418710708618164,1177,0.010831357911229134,0.9709073901176453,0.5018726587295532,0.5850061178207397,0.029962539672851562,-0.02048337459564209,5290,468,489,369,341,1855,1762,0,0,3,1,2,0
102,cora,0.1,100,30,0.5,20,500,0.07043405622243881,0.38769492506980896,0.5418710708618164,507,0.07232479006052017,0.8106923699378967,0.7078651785850525,0.6628431081771851,-0.018726587295532227,0.014748036861419678,5290,610,347,467,243,2213,1404,0,0,4,0,2,0
102,cora,0.1,100,30,0.5,20,500,0.07043405622243881,0.38769492506980896,0.5418710708618164,19,0.11689484119415283,0.7353110313415527,0.7977527976036072,0.7693567872047424,-0.026217222213745117,-0.0008193254470825195,5290,659,298,497,213,2513,1104,0,0,2,2,0,2
102,cora,0.1,100,30,0.5,20,500,0.07043405622243881,0.38769492506980896,0.5418710708618164,1209,0.010354598052799702,0.7521581649780273,0.7528089880943298,0.6976648569107056,-0.0037453174591064453,-0.002048313617706299,5290,622,335,462,248,2407,1210,0,0,4,0,1,1
102,cora,0.1,100,30,0.5,20,500,0.07043405622243881,0.38769492506980896,0.5418710708618164,1075,0.08424898236989975,0.6649516224861145,0.7116104960441589,0.7287996411323547,0.08614230155944824,0.039737820625305176,5290,654,303,483,227,2458,1159,0,0,4,0,2,0
102,cora,0.1,100,30,0.5,20,500,0.07043405622243881,0.38769492506980896,0.5418710708618164,774,0.12890876829624176,0.6059454083442688,0.8164793848991394,0.8103236556053162,0.048689186573028564,0.010241687297821045,5290,721,236,555,155,2833,784,0,0,1,3,0,2
102,cora,0.1,100,30,0.5,20,500,0.07043405622243881,0.38769492506980896,0.5418710708618164,495,0.2750527858734131,0.44780606031417847,0.9026217460632324,0.9115116596221924,-0.018726587295532227,-0.010241687297821045,5290,792,165,639,71,3042,575,0,0,4,0,2,0
102,cora,0.1,100,30,0.5,20,500,0.07043405622243881,0.38769492506980896,0.5418710708618164,1381,0.04119887575507164,0.6260479688644409,0.7265917658805847,0.7353543639183044,0.03370785713195801,-0.009012699127197266,5290,702,255,515,195,2542,1075,0,0,3,1,2,0
102,cora,0.1,100,30,0.5,20,500,0.07043405622243881,0.38769492506980896,0.5418710708618164,1328,0.03658942133188248,0.5733827352523804,0.8052434325218201,0.796394944190979,-0.0411984920501709,-0.05530524253845215,5290,785,172,545,165,2891,726,0,0,3,1,2,0
103,cora,0.1,100,30,0.25,20,500,0.17453032732009888,0.2833022177219391,0.5421674251556396,-1,1.0,2.641742706298828,0.7464788556098938,0.7343234419822693,-0.47183096408843994,-0.04290425777435303,2615,69,398,82,322,102,1642,0,0,0,0,0,0
103,cora,0.1,100,30,0.25,20,500,0.17453032732009888,0.2833022177219391,0.5421674251556396,1263,0.2510770559310913,0.9442414045333862,0.6901408433914185,0.700082540512085,-0.10211271047592163,-0.03589111566543579,2615,260,207,170,234,835,909,0,0,0,0,0,0
103,cora,0.1,100,30,0.25,20,500,0.17453032732009888,0.2833022177219391,0.5421674251556396,1177,0.010831357911229134,0.9709073901176453,0.5457746386528015,0.5684818625450134,-0.05633804202079773,0.0004125237464904785,2615,235,232,215,189,897,847,0,0,0,0,0,0
103,cora,0.1,100,30,0.25,20,500,0.17453032732009888,0.2833022177219391,0.5421674251556396,507,0.07232479006052017,0.8106923699378967,0.6866196990013123,0.6872937679290771,-0.007042229175567627,0.00453794002532959,2615,293,174,264,140,1049,695,0,0,0,0,0,0
103,cora,0.1,100,30,0.25,20,500,0.17453032732009888,0.2833022177219391,0.5421674251556396,19,0.11689484119415283,0.7353110313415527,0.8521126508712769,0.7875412702560425,-0.01408451795578003,-0.008250832557678223,2615,328,139,292,112,1236,508,0,0,0,0,0,0
103,cora,0.1,100,30,0.25,20,500,0.17453032732009888,0.2833022177219391,0.5421674251556396,1209,0.010354598052799702,0.7521581649780273,0.75,0.7318481802940369,-0.15140843391418457,-0.05363035202026367,2615,273,194,282,122,1161,583,0,0,0,0,0,0
103,cora,0.1,100,30,0.25,20,500,0.17453032732009888,0.2833022177219391,0.5421674251556396,1075,0.08424898236989975,0.6649516224861145,0.8063380122184753,0.7438119053840637,-0.007042229175567627,-0.03877890110015869,2615,335,132,282,122,1239,505,0,0,0,0,0,0
103,cora,0.1,100,30,0.25,20,500,0.17453032732009888,0.2833022177219391,0.5421674251556396,774,0.12890876829624176,0.6059454083442688,0.8556337952613831,0.8259075880050659,0.017605602741241455,-0.026402592658996582,2615,350,117,311,93,1364,380,0,0,0,0,0,0
103,cora,0.1,100,30,0.25,20,500,0.17453032732009888,0.2833022177219391,0.5421674251556396,495,0.2750527858734131,0.44780606031417847,0.9049295783042908,0.8659241199493408,0.0,0.012376248836517334,2615,411,56,363,41,1449,295,0,0,0,0,0,0
103,cora,0.1,100,30,0.25,20,500,0.17453032732009888,0.2833022177219391,0.5421674251556396,1381,0.04119887575507164,0.6260479688644409,0.7852112650871277,0.7957921028137207,0.028168976306915283,-0.024752497673034668,2615,318,149,272,132,1290,454,0,0,0,0,0,0
103,cora,0.1,100,30,0.25,20,500,0.17453032732009888,0.2833022177219391,0.5421674251556396,1328,0.03658942133188248,0.5733827352523804,0.8098591566085815,0.7792904376983643,-0.003521144390106201,-0.03960394859313965,2615,379,88,307,97,1370,374,0,0,0,0,0,0
103,cora,0.1,100,30,0.5,20,500,0.08436844497919083,0.3874388039112091,0.5281927585601807,-1,1.0,2.641742706298828,0.7464788556098938,0.7343234419822693,-0.5809859037399292,-0.05651813745498657,5252,166,865,232,577,201,3209,0,0,1,0,1,0
103,cora,0.1,100,30,0.5,20,500,0.08436844497919083,0.3874388039112091,0.5281927585601807,1263,0.2510770559310913,0.9442414045333862,0.6901408433914185,0.700082540512085,-0.172535240650177,-0.049917519092559814,5252,545,486,385,424,1689,1721,0,0,1,0,1,0
103,cora,0.1,100,30,0.5,20,500,0.08436844497919083,0.3874388039112091,0.5281927585601807,1177,0.010831357911229134,0.9709073901176453,0.5457746386528015,0.5684818625450134,-0.07042253017425537,-0.00907588005065918,5252,510,521,415,394,1741,1669,0,0,1,0,1,0
103,cora,0.1,100,30,0.5,20,500,0.08436844497919083,0.3874388039112091,0.5281927585601807,507,0.07232479006052017,0.8106923699378967,0.6866196990013123,0.6872937679290771,0.04225355386734009,0.018976867198944092,5252,653,378,538,271,2112,1298,0,0,1,0,1,0
103,cora,0.1,100,30,0.5,20,500,0.08436844497919083,0.3874388039112091,0.5281927585601807,19,0.11689484119415283,0.7353110313415527,0.8521126508712769,0.7875412702560425,-0.003521144390106201,0.008250832557678223,5252,751,280,585,224,2453,957,0,0,1,0,1,0
103,cora,0.1,100,30,0.5,20,500,0.08436844497919083,0.3874388039112091,0.5281927585601807,1209,0.010354598052799702,0.7521581649780273,0.75,0.7318481802940369,-0.19014084339141846,-0.07136958837509155,5252,629,402,549,260,2270,1140,0,0,0,1,1,0
103,cora,0.1,100,30,0.5,20,500,0.08436844497919083,0.3874388039112091,0.5281927585601807,1075,0.08424898236989975,0.6649516224861145,0.8063380122184753,0.7438119053840637,0.007042229175567627,-0.06270629167556763,5252,749,282,553,256,2394,1016,0,0,1,0,1,0
103,cora,0.1,100,30,0.5,20,500,0.08436844497919083,0.3874388039112091,0.5281927585601807,774,0.12890876829624176,0.6059454083442688,0.8556337952613831,0.8259075880050659,0.017605602741241455,-0.026402592658996582,5252,791,240,618,191,2669,741,0,0,1,0,1,0
103,cora,0.1,100,30,0.5,20,500,0.08436844497919083,0.3874388039112091,0.5281927585601807,495,0.2750527858734131,0.44780606031417847,0.9049295783042908,0.8659241199493408,0.0,0.02764028310775757,5252,891,140,716,93,2854,556,0,0,1,0,1,0
103,cora,0.1,100,30,0.5,20,500,0.08436844497919083,0.3874388039112091,0.5281927585601807,1381,0.04119887575507164,0.6260479688644409,0.7852112650871277,0.7957921028137207,0.01408451795578003,-0.06353133916854858,5252,722,309,561,248,2504,906,0,0,1,0,0,1
103,cora,0.1,100,30,0.5,20,500,0.08436844497919083,0.3874388039112091,0.5281927585601807,1328,0.03658942133188248,0.5733827352523804,0.8098591566085815,0.7792904376983643,0.028168976306915283,-0.028465330600738525,5252,808,223,623,186,2692,718,0,0,0,1,1,0
104,cora,0.1,100,30,0.25,20,500,0.23322108387947083,0.20983299612998962,0.5569459199905396,-1,1.0,2.641742706298828,0.751748263835907,0.7807597517967224,-0.47902098298072815,-0.11230391263961792,2599,71,366,104,226,102,1727,0,0,2,0,1,0
104,cora,0.1,100,30,0.25,20,500,0.23322108387947083,0.20983299612998962,0.5569459199905396,1263,0.2510770559310913,0.9442414045333862,0.6678321361541748,0.7080925107002258,-0.017482519149780273,-0.04417836666107178,2599,234,203,195,135,959,870,0,0,2,0,0,1
104,cora,0.1,100,30,0.25,20,500,0.23322108387947083,0.20983299612998962,0.5569459199905396,1177,0.010831357911229134,0.9709073901176453,0.5629370808601379,0.5445912480354309,-0.01048952341079712,-0.0016515254974365234,2599,223,214,167,163,909,920,0,0,2,0,1,0
104,cora,0.1,100,30,0.25,20,500,0.23322108387947083,0.20983299612998962,0.5569459199905396,507,0.07232479006052017,0.8106923699378967,0.7272727489471436,0.6696944832801819,-0.00699305534362793,-0.017341017723083496,2599,310,127,209,121,1175,654,0,0,2,0,1,0
104,cora,0.1,100,30,0.25,20,500,0.23322108387947083,0.20983299612998962,0.5569459199905396,19,0.11689484119415283,0.7353110313415527,0.8216783404350281,0.8187448382377625,-0.07692313194274902,-0.025185763835906982,2599,273,164,229,101,1151,678,0,0,2,0,1,0
104,cora,0.1,100,30,0.25,20,500,0.23322108387947083,0.20983299612998962,0.5569459199905396,1209,0.010354598052799702,0.7521581649780273,0.7342657446861267,0.718001663684845,-0.017482519149780273,0.028075993061065674,2599,280,157,240,90,1162,667,0,0,1,1,1,0
104,cora,0.1,100,30,0.25,20,500,0.23322108387947083,0.20983299612998962,0.5569459199905396,1075,0.08424898236989975,0.6649516224861145,0.807692289352417,0.8117258548736572,-0.024475514888763428,-0.05367463827133179,2599,318,119,233,97,1313,516,0,0,1,1,1,0
104,cora,0.1,100,30,0.25,20,500,0.23322108387947083,0.20983299612998962,0.5569459199905396,774,0.12890876829624176,0.6059454083442688,0.8321678042411804,0.8534269332885742,-0.024475514888763428,-0.007844746112823486,2599,308,129,252,78,1321,508,0,0,2,0,1,0
104,cora,0.1,100,30,0.25,20,500,0.23322108387947083,0.20983299612998962,0.5569459199905396,495,0.2750527858734131,0.44780606031417847,0.8461538553237915,0.8563171029090881,0.07692307233810425,0.03674650192260742,2599,391,46,301,29,1587,242,0,0,2,0,1,0
104,cora,0.1,100,30,0.25,20,500,0.23322108387947083,0.20983299612998962,0.5569459199905396,1381,0.04119887575507164,0.6260479688644409,0.7762237787246704,0.7572254538536072,0.0034964680671691895,-0.09785300493240356,2599,307,130,246,84,1367,462,0,0,1,1,1,0
104,cora,0.1,100,30,0.25,20,500,0.23322108387947083,0.20983299612998962,0.5569459199905396,1328,0.03658942133188248,0.5733827352523804,0.7937062978744507,0.801403820514679,-0.03496503829956055,-0.011973559856414795,2599,321,116,250,80,1393,436,0,0,2,0,1,0
104,cora,0.1,100,30,0.5,20,500,0.0826212465763092,0.3549782633781433,0.5624004602432251,-1,1.0,2.641742706298828,0.751748263835907,0.7807597517967224,-0.5769230872392654,-0.10776221752166748,5279,185,797,272,432,222,3370,0,0,0,0,1,0
104,cora,0.1,100,30,0.5,20,500,0.0826212465763092,0.3549782633781433,0.5624004602432251,1263,0.2510770559310913,0.9442414045333862,0.6678321361541748,0.7080925107002258,-0.059440553188323975,-0.056977689266204834,5279,520,462,432,272,1850,1742,0,0,0,0,0,1
104,cora,0.1,100,30,0.5,20,500,0.0826212465763092,0.3549782633781433,0.5624004602432251,1177,0.010831357911229134,0.9709073901176453,0.5629370808601379,0.5445912480354309,-0.04195809364318848,-0.013625085353851318,5279,474,508,364,340,1804,1788,0,0,0,0,1,0
104,cora,0.1,100,30,0.5,20,500,0.0826212465763092,0.3549782633781433,0.5624004602432251,507,0.07232479006052017,0.8106923699378967,0.7272727489471436,0.6696944832801819,0.059440553188323975,0.028488874435424805,5279,737,245,472,232,2284,1308,0,0,0,0,1,0
104,cora,0.1,100,30,0.5,20,500,0.0826212465763092,0.3549782633781433,0.5624004602432251,19,0.11689484119415283,0.7353110313415527,0.8216783404350281,0.8187448382377625,-0.08391612768173218,-0.051197350025177,5279,611,371,507,197,2267,1325,0,0,0,0,1,0
104,cora,0.1,100,30,0.5,20,500,0.0826212465763092,0.3549782633781433,0.5624004602432251,1209,0.010354598052799702,0.7521581649780273,0.7342657446861267,0.718001663684845,-0.09090912342071533,-0.0020644068717956543,5279,563,419,482,222,2294,1298,0,0,0,0,1,0
104,cora,0.1,100,30,0.5,20,500,0.0826212465763092,0.3549782633781433,0.5624004602432251,1075,0.08424898236989975,0.6649516224861145,0.807692289352417,0.8117258548736572,0.03496503829956055,-0.010322034358978271,5279,727,255,504,200,2568,1024,0,0,0,0,1,0
104,cora,0.1,100,30,0.5,20,500,0.0826212465763092,0.3549782633781433,0.5624004602432251,774,0.12890876829624176,0.6059454083442688,0.8321678042411804,0.8534269332885742,-0.020978987216949463,-0.022295594215393066,5279,651,331,553,151,2589,1003,0,0,0,0,1,0
104,cora,0.1,100,30,0.5,20,500,0.0826212465763092,0.3549782633781433,0.5624004602432251,495,0.2750527858734131,0.44780606031417847,0.8461538553237915,0.8563171029090881,0.06643354892730713,0.05078446865081787,5279,889,93,632,72,3112,480,0,0,0,0,1,0
104,cora,0.1,100,30,0.5,20,500,0.0826212465763092,0.3549782633781433,0.5624004602432251,1381,0.04119887575507164,0.6260479688644409,0.7762237787246704,0.7572254538536072,-0.01048952341079712,-0.10404622554779053,5279,712,270,500,204,2653,939,0,0,0,0,1,0
104,cora,0.1,100,30,0.5,20,500,0.0826212465763092,0.3549782633781433,0.5624004602432251,1328,0.03658942133188248,0.5733827352523804,0.7937062978744507,0.801403820514679,-0.027972042560577393,-0.017341017723083496,5279,692,290,553,151,2691,901,0,0,0,0,1,0
100,Polblogs,0.1,100,30,0.25,20,500,5.977429323784458e-28,0.5438866019248962,0.45611342787742615,-1,1.0,0.9997804164886475,0.8148148059844971,0.8413283824920654,-0.31111109256744385,0.013284146785736084,3625,312,275,449,330,1018,1234,0,1,1,0,3,2
100,Polblogs,0.1,100,30,0.25,20,500,5.977429323784458e-28,0.5438866019248962,0.45611342787742615,763,0.026371311396360397,0.008042499423027039,0.9851851463317871,0.9896678924560547,-0.1925925612449646,0.007380068302154541,3625,587,0,779,0,2250,2,1,0,1,0,5,0
100,Polblogs,0.1,100,30,0.25,20,500,5.977429323784458e-28,0.5438866019248962,0.45611342787742615,761,0.026371311396360397,0.008042499423027039,0.9851851463317871,0.9896678924560547,-0.21481478214263916,0.005166053771972656,3625,587,0,779,0,2251,1,1,0,1,0,5,0
100,Polblogs,0.1,100,30,0.25,20,500,5.977429323784458e-28,0.5438866019248962,0.45611342787742615,762,0.026371311396360397,0.008042499423027039,0.9851851463317871,0.9926199316978455,-0.2222222089767456,0.0,3625,587,0,779,0,2251,1,1,0,1,0,5,0
100,Polblogs,0.1,100,30,0.25,20,500,5.977429323784458e-28,0.5438866019248962,0.45611342787742615,764,0.026371311396360397,0.008042499423027039,0.9777777791023254,0.9896678924560547,-0.21481484174728394,0.0029520392417907715,3625,583,4,779,0,2241,11,1,0,1,0,5,0
100,Polblogs,0.1,100,30,0.25,20,500,5.977429323784458e-28,0.5438866019248962,0.45611342787742615,759,0.026371311396360397,0.008042499423027039,0.9777777791023254,0.9926199316978455,-0.17777776718139648,0.003690004348754883,3625,580,7,779,0,2225,27,1,0,1,0,5,0
100,Polblogs,0.1,100,30,0.25,20,500,5.977429323784458e-28,0.5438866019248962,0.45611342787742615,765,0.026371311396360397,0.008042499423027039,0.9851851463317871,0.9933578968048096,-0.14074069261550903,0.003690063953399658,3625,587,0,778,1,2251,1,1,0,1,0,5,0
100,Polblogs,0.1,100,30,0.25,20,500,5.977429323784458e-28,0.5438866019248962,0.45611342787742615,766,0.026371311396360397,0.008042499423027039,0.9851851463317871,0.9904058575630188,-0.1629629135131836,0.00664210319519043,3625,587,0,779,0,2251,1,1,0,1,0,5,0
100,Polblogs,0.1,100,30,0.25,20,500,5.977429323784458e-28,0.5438866019248962,0.45611342787742615,767,0.026371311396360397,0.008042499423027039,0.9851851463317871,0.9896678924560547,-0.1925925612449646,0.0044280290603637695,3625,587,0,779,0,2252,0,1,0,1,0,5,0
100,Polblogs,0.1,100,30,0.25,20,500,5.977429323784458e-28,0.5438866019248962,0.45611342787742615,760,0.026371311396360397,0.008042499423027039,0.9851851463317871,0.9881918430328369,-0.14074069261550903,0.008118093013763428,3625,587,0,777,2,2251,1,1,0,1,0,5,0
100,Polblogs,0.1,100,30,0.25,20,500,5.977429323784458e-28,0.5438866019248962,0.45611342787742615,758,0.026371311396360397,0.008042499423027039,0.9851851463317871,0.9881918430328369,-0.21481478214263916,0.008856117725372314,3625,587,0,777,2,2252,0,1,0,1,0,5,0
100,Polblogs,0.1,100,30,0.5,20,500,1.0818588869329613e-27,0.5408461093902588,0.4591538906097412,-1,1.0,0.9997804164886475,0.8148148059844971,0.8413283824920654,-0.21481484174728394,0.0014760494232177734,5841,426,367,815,582,1555,2080,0,2,5,0,7,2
100,Polblogs,0.1,100,30,0.5,20,500,1.0818588869329613e-27,0.5408461093902588,0.4591538906097412,763,0.026371311396360397,0.008042499423027039,0.9851851463317871,0.9896678924560547,-0.11851847171783447,0.008118093013763428,5841,793,0,1396,1,3631,4,2,0,5,0,9,0
100,Polblogs,0.1,100,30,0.5,20,500,1.0818588869329613e-27,0.5408461093902588,0.4591538906097412,761,0.026371311396360397,0.008042499423027039,0.9851851463317871,0.9896678924560547,-0.14074069261550903,0.006642043590545654,5841,793,0,1396,1,3632,3,2,0,5,0,9,0
100,Polblogs,0.1,100,30,0.5,20,500,1.0818588869329613e-27,0.5408461093902588,0.4591538906097412,762,0.026371311396360397,0.008042499423027039,0.9851851463317871,0.9926199316978455,-0.17037034034729004,0.001475989818572998,5841,793,0,1396,1,3634,1,2,0,5,0,9,0
100,Polblogs,0.1,100,30,0.5,20,500,1.0818588869329613e-27,0.5408461093902588,0.4591538906097412,764,0.026371311396360397,0.008042499423027039,0.9777777791023254,0.9896678924560547,-0.18518519401550293,0.008118093013763428,5841,787,6,1397,0,3615,20,2,0,5,0,9,0
100,Polblogs,0.1,100,30,0.5,20,500,1.0818588869329613e-27,0.5408461093902588,0.4591538906097412,759,0.026371311396360397,0.008042499423027039,0.9777777791023254,0.9926199316978455,-0.17777776718139648,0.002951979637145996,5841,782,11,1397,0,3593,42,2,0,5,0,9,0
100,Polblogs,0.1,100,30,0.5,20,500,1.0818588869329613e-27,0.5408461093902588,0.4591538906097412,765,0.026371311396360397,0.008042499423027039,0.9851851463317871,0.9933578968048096,-0.08888888359069824,0.004428088665008545,5841,793,0,1393,4,3634,1,2,0,5,0,9,0
100,Polblogs,0.1,100,30,0.5,20,500,1.0818588869329613e-27,0.5408461093902588,0.4591538906097412,766,0.026371311396360397,0.008042499423027039,0.9851851463317871,0.9904058575630188,-0.10370367765426636,0.007380127906799316,5841,793,0,1397,0,3633,2,2,0,5,0,9,0
100,Polblogs,0.1,100,30,0.5,20,500,1.0818588869329613e-27,0.5408461093902588,0.4591538906097412,767,0.026371311396360397,0.008042499423027039,0.9851851463317871,0.9896678924560547,-0.13333332538604736,0.008118093013763428,5841,793,0,1397,0,3635,0,2,0,5,0,9,0
100,Polblogs,0.1,100,30,0.5,20,500,1.0818588869329613e-27,0.5408461093902588,0.4591538906097412,760,0.026371311396360397,0.008042499423027039,0.9851851463317871,0.9881918430328369,-0.08888888359069824,0.009594142436981201,5841,793,0,1395,2,3634,1,2,0,5,0,9,0
100,Polblogs,0.1,100,30,0.5,20,500,1.0818588869329613e-27,0.5408461093902588,0.4591538906097412,758,0.026371311396360397,0.008042499423027039,0.9851851463317871,0.9881918430328369,-0.14814811944961548,0.008856117725372314,5841,793,0,1395,2,3635,0,2,0,5,0,9,0
101,Polblogs,0.1,100,30,0.25,20,500,0.004911524243652821,0.48100680112838745,0.5140817165374756,-1,1.0,0.9997804164886475,0.8211920261383057,0.847647488117218,-0.25827813148498535,0.009708762168884277,3739,208,275,280,121,929,1923,0,0,1,0,2,0
101,Polblogs,0.1,100,30,0.25,20,500,0.004911524243652821,0.48100680112838745,0.5140817165374756,763,0.026371311396360397,0.008042499423027039,0.9536423683166504,0.9761015772819519,-0.12582778930664062,0.02091115713119507,3739,483,0,400,1,2850,2,0,0,1,0,2,0
101,Polblogs,0.1,100,30,0.25,20,500,0.004911524243652821,0.48100680112838745,0.5140817165374756,761,0.026371311396360397,0.008042499423027039,0.9801324605941772,0.9858103394508362,-0.20529800653457642,0.010455548763275146,3739,483,0,400,1,2850,2,0,0,1,0,2,0
101,Polblogs,0.1,100,30,0.25,20,500,0.004911524243652821,0.48100680112838745,0.5140817165374756,762,0.026371311396360397,0.008042499423027039,0.9867549538612366,0.9499626755714417,-0.15231788158416748,0.04630321264266968,3739,483,0,400,1,2850,2,0,0,1,0,2,0
101,Polblogs,0.1,100,30,0.25,20,500,0.004911524243652821,0.48100680112838745,0.5140817165374756,764,0.026371311396360397,0.008042499423027039,1.0,0.997012734413147,-0.17880797386169434,-0.001493692398071289,3739,483,0,401,0,2852,0,0,0,1,0,2,0
101,Polblogs,0.1,100,30,0.25,20,500,0.004911524243652821,0.48100680112838745,0.5140817165374756,759,0.026371311396360397,0.008042499423027039,0.9933775067329407,0.9783420562744141,-0.17880797386169434,0.01867067813873291,3739,483,0,401,0,2849,3,0,0,1,0,2,0
101,Polblogs,0.1,100,30,0.25,20,500,0.004911524243652821,0.48100680112838745,0.5140817165374756,765,0.026371311396360397,0.008042499423027039,0.9933775067329407,0.9850634932518005,-0.1192052960395813,0.011949241161346436,3739,483,0,401,0,2847,5,0,0,1,0,2,0
101,Polblogs,0.1,100,30,0.25,20,500,0.004911524243652821,0.48100680112838745,0.5140817165374756,766,0.026371311396360397,0.008042499423027039,1.0,0.9858103394508362,-0.1655629277229309,0.011202394962310791,3739,483,0,401,0,2850,2,0,0,1,0,2,0
101,Polblogs,0.1,100,30,0.25,20,500,0.004911524243652821,0.48100680112838745,0.5140817165374756,767,0.026371311396360397,0.008042499423027039,1.0,0.9962658882141113,-0.17880797386169434,0.0007468461990356445,3739,483,0,400,1,2852,0,0,0,1,0,2,0
101,Polblogs,0.1,100,30,0.25,20,500,0.004911524243652821,0.48100680112838745,0.5140817165374756,760,0.026371311396360397,0.008042499423027039,0.9337748289108276,0.9350261688232422,-0.1986755132675171,0.038088083267211914,3739,483,0,401,0,2847,5,0,0,1,0,2,0
101,Polblogs,0.1,100,30,0.25,20,500,0.004911524243652821,0.48100680112838745,0.5140817165374756,758,0.026371311396360397,0.008042499423027039,1.0,0.9962658882141113,-0.13245034217834473,0.0007468461990356445,3739,483,0,401,0,2844,8,0,0,1,0,2,0
101,Polblogs,0.1,100,30,0.5,20,500,0.0,0.4929889738559723,0.5070110559463501,-1,1.0,0.9997804164886475,0.8211920261383057,0.847647488117218,-0.46357613801956177,-0.02912616729736328,6735,274,377,515,238,1665,3654,0,0,2,0,8,2
101,Polblogs,0.1,100,30,0.5,20,500,0.0,0.4929889738559723,0.5070110559463501,763,0.026371311396360397,0.008042499423027039,0.9536423683166504,0.9761015772819519,-0.2317880392074585,0.02091115713119507,6735,651,0,752,1,5317,2,0,0,2,0,10,0
101,Polblogs,0.1,100,30,0.5,20,500,0.0,0.4929889738559723,0.5070110559463501,761,0.026371311396360397,0.008042499423027039,0.9801324605941772,0.9858103394508362,-0.31125831604003906,0.011202394962310791,6735,651,0,752,1,5317,2,0,0,2,0,10,0
101,Polblogs,0.1,100,30,0.5,20,500,0.0,0.4929889738559723,0.5070110559463501,762,0.026371311396360397,0.008042499423027039,0.9867549538612366,0.9499626755714417,-0.30463576316833496,0.04705005884170532,6735,651,0,752,1,5315,4,0,0,2,0,10,0
101,Polblogs,0.1,100,30,0.5,20,500,0.0,0.4929889738559723,0.5070110559463501,764,0.026371311396360397,0.008042499423027039,1.0,0.997012734413147,-0.3311258554458618,0.0,6735,651,0,753,0,5318,1,0,0,2,0,10,0
101,Polblogs,0.1,100,30,0.5,20,500,0.0,0.4929889738559723,0.5070110559463501,759,0.026371311396360397,0.008042499423027039,0.9933775067329407,0.9783420562744141,-0.34437090158462524,0.01867067813873291,6735,651,0,751,2,5314,5,0,0,2,0,10,0
101,Polblogs,0.1,100,30,0.5,20,500,0.0,0.4929889738559723,0.5070110559463501,765,0.026371311396360397,0.008042499423027039,0.9933775067329407,0.9850634932518005,-0.30463576316833496,0.011949241161346436,6735,651,0,752,1,5311,8,0,0,2,0,10,0
101,Polblogs,0.1,100,30,0.5,20,500,0.0,0.4929889738559723,0.5070110559463501,766,0.026371311396360397,0.008042499423027039,1.0,0.9858103394508362,-0.3576158881187439,0.011202394962310791,6735,651,0,753,0,5317,2,0,0,2,0,10,0
101,Polblogs,0.1,100,30,0.5,20,500,0.0,0.4929889738559723,0.5070110559463501,767,0.026371311396360397,0.008042499423027039,1.0,0.9962658882141113,-0.3708609342575073,0.0007468461990356445,6735,651,0,752,1,5317,2,0,0,2,0,10,0
101,Polblogs,0.1,100,30,0.5,20,500,0.0,0.4929889738559723,0.5070110559463501,760,0.026371311396360397,0.008042499423027039,0.9337748289108276,0.9350261688232422,-0.35099339485168457,0.05227780342102051,6735,651,0,752,1,5309,10,0,0,2,0,10,0
101,Polblogs,0.1,100,30,0.5,20,500,0.0,0.4929889738559723,0.5070110559463501,758,0.026371311396360397,0.008042499423027039,1.0,0.9962658882141113,-0.3112582564353943,0.0007468461990356445,6735,651,0,753,0,5301,18,0,0,2,0,10,0
102,Polblogs,0.1,100,30,0.25,20,500,1.1318717009359466e-35,0.4969209134578705,0.5030790567398071,-1,1.0,0.9997804164886475,0.8414633870124817,0.8393665552139282,-0.3109756112098694,-0.006033182144165039,3642,325,311,389,310,1039,1258,0,1,3,0,3,3
102,Polblogs,0.1,100,30,0.25,20,500,1.1318717009359466e-35,0.4969209134578705,0.5030790567398071,763,0.026371311396360397,0.008042499423027039,0.9999999403953552,0.994720995426178,-0.2682926654815674,-0.009049773216247559,3642,636,0,699,0,2294,3,1,0,3,0,6,0
102,Polblogs,0.1,100,30,0.25,20,500,1.1318717009359466e-35,0.4969209134578705,0.5030790567398071,761,0.026371311396360397,0.008042499423027039,0.9999999403953552,0.993966817855835,-0.24999994039535522,-0.0030165910720825195,3642,636,0,699,0,2295,2,1,0,3,0,6,0
102,Polblogs,0.1,100,30,0.25,20,500,1.1318717009359466e-35,0.4969209134578705,0.5030790567398071,762,0.026371311396360397,0.008042499423027039,0.9999999403953552,0.9917044043540955,-0.27439022064208984,-0.005279064178466797,3642,636,0,697,2,2295,2,1,0,3,0,6,0
102,Polblogs,0.1,100,30,0.25,20,500,1.1318717009359466e-35,0.4969209134578705,0.5030790567398071,764,0.026371311396360397,0.008042499423027039,0.9999999403953552,0.9917044043540955,-0.17073166370391846,0.0037707090377807617,3642,636,0,698,1,2293,4,1,0,3,0,6,0
102,Polblogs,0.1,100,30,0.25,20,500,1.1318717009359466e-35,0.4969209134578705,0.5030790567398071,759,0.026371311396360397,0.008042499423027039,0.9817072749137878,0.9622926115989685,-0.20121949911117554,0.031674206256866455,3642,636,0,699,0,2295,2,1,0,3,0,6,0
102,Polblogs,0.1,100,30,0.25,20,500,1.1318717009359466e-35,0.4969209134578705,0.5030790567398071,765,0.026371311396360397,0.008042499423027039,0.9512194991111755,0.9351432919502258,-0.19512194395065308,0.05279034376144409,3642,636,0,699,0,2296,1,1,0,3,0,6,0
102,Polblogs,0.1,100,30,0.25,20,500,1.1318717009359466e-35,0.4969209134578705,0.5030790567398071,766,0.026371311396360397,0.008042499423027039,0.9268292188644409,0.9547511339187622,-0.18902438879013062,0.03393667936325073,3642,636,0,698,1,2295,2,1,0,3,0,6,0
102,Polblogs,0.1,100,30,0.25,20,500,1.1318717009359466e-35,0.4969209134578705,0.5030790567398071,767,0.026371311396360397,0.008042499423027039,0.9695121645927429,0.9638009071350098,-0.207317054271698,0.027903497219085693,3642,636,0,699,0,2296,1,1,0,3,0,6,0
102,Polblogs,0.1,100,30,0.25,20,500,1.1318717009359466e-35,0.4969209134578705,0.5030790567398071,760,0.026371311396360397,0.008042499423027039,0.957317054271698,0.9615384936332703,-0.19512194395065308,0.031674206256866455,3642,636,0,697,2,2297,0,1,0,3,0,6,0
102,Polblogs,0.1,100,30,0.25,20,500,1.1318717009359466e-35,0.4969209134578705,0.5030790567398071,758,0.026371311396360397,0.008042499423027039,0.9939023852348328,0.9954751133918762,-0.21951216459274292,-0.0007541179656982422,3642,630,6,699,0,2268,29,1,0,3,0,6,0
102,Polblogs,0.1,100,30,0.5,20,500,0.0,0.5011376142501831,0.4988624155521393,-1,1.0,0.9997804164886475,0.8414633870124817,0.8393665552139282,-0.4390243887901306,0.046002984046936035,6056,441,377,810,698,1676,2041,1,0,2,1,3,6
102,Polblogs,0.1,100,30,0.5,20,500,0.0,0.5011376142501831,0.4988624155521393,763,0.026371311396360397,0.008042499423027039,0.9999999403953552,0.994720995426178,-0.33536583185195923,0.0,6056,818,0,1508,0,3709,8,1,0,3,0,9,0
102,Polblogs,0.1,100,30,0.5,20,500,0.0,0.5011376142501831,0.4988624155521393,761,0.026371311396360397,0.008042499423027039,0.9999999403953552,0.993966817855835,-0.3414633870124817,0.0,6056,818,0,1508,0,3715,2,1,0,3,0,9,0
102,Polblogs,0.1,100,30,0.5,20,500,0.0,0.5011376142501831,0.4988624155521393,762,0.026371311396360397,0.008042499423027039,0.9999999403953552,0.9917044043540955,-0.33536583185195923,0.0030165910720825195,6056,818,0,1507,1,3714,3,1,0,3,0,9,0
102,Polblogs,0.1,100,30,0.5,20,500,0.0,0.5011376142501831,0.4988624155521393,764,0.026371311396360397,0.008042499423027039,0.9999999403953552,0.9917044043540955,-0.32926827669143677,0.0030165910720825195,6056,818,0,1507,1,3713,4,1,0,3,0,9,0
102,Polblogs,0.1,100,30,0.5,20,500,0.0,0.5011376142501831,0.4988624155521393,759,0.026371311396360397,0.008042499423027039,0.9817072749137878,0.9622926115989685,-0.31707316637039185,0.03242838382720947,6056,818,0,1507,1,3714,3,1,0,3,0,9,0
102,Polblogs,0.1,100,30,0.5,20,500,0.0,0.5011376142501831,0.4988624155521393,765,0.026371311396360397,0.008042499423027039,0.9512194991111755,0.9351432919502258,-0.3109756112098694,0.05505281686782837,6056,818,0,1505,3,3715,2,1,0,3,0,9,0
102,Polblogs,0.1,100,30,0.5,20,500,0.0,0.5011376142501831,0.4988624155521393,766,0.026371311396360397,0.008042499423027039,0.9268292188644409,0.9547511339187622,-0.2682926654815674,0.039215683937072754,6056,818,0,1508,0,3714,3,1,0,3,0,9,0
102,Polblogs,0.1,100,30,0.5,20,500,0.0,0.5011376142501831,0.4988624155521393,767,0.026371311396360397,0.008042499423027039,0.9695121645927429,0.9638009071350098,-0.28658539056777954,0.030920088291168213,6056,818,0,1507,1,3715,2,1,0,3,0,9,0
102,Polblogs,0.1,100,30,0.5,20,500,0.0,0.5011376142501831,0.4988624155521393,760,0.026371311396360397,0.008042499423027039,0.957317054271698,0.9615384936332703,-0.3048780560493469,0.028657615184783936,6056,818,0,1505,3,3715,2,1,0,3,0,9,0
102,Polblogs,0.1,100,30,0.5,20,500,0.0,0.5011376142501831,0.4988624155521393,758,0.026371311396360397,0.008042499423027039,0.9939023852348328,0.9954751133918762,-0.30487799644470215,0.0007541775703430176,6056,811,7,1508,0,3677,40,1,0,3,0,9,0
103,Polblogs,0.1,100,30,0.25,20,500,1.0009413633153771e-22,0.5559004545211792,0.4440996050834656,-1,1.0,0.9997804164886475,0.8355263471603394,0.8572496175765991,-0.23684215545654297,-0.02541106939315796,3197,296,231,346,211,798,1309,0,0,2,0,4,0
103,Polblogs,0.1,100,30,0.25,20,500,1.0009413633153771e-22,0.5559004545211792,0.4440996050834656,763,0.026371311396360397,0.008042499423027039,0.9802631735801697,0.9663677215576172,-0.2236841917037964,0.02316892147064209,3197,527,0,557,0,2106,1,0,0,2,0,4,0
103,Polblogs,0.1,100,30,0.25,20,500,1.0009413633153771e-22,0.5559004545211792,0.4440996050834656,761,0.026371311396360397,0.008042499423027039,0.9868420958518982,0.9738415479660034,-0.28289473056793213,0.005979061126708984,3197,527,0,557,0,2104,3,0,0,2,0,4,0
103,Polblogs,0.1,100,30,0.25,20,500,1.0009413633153771e-22,0.5559004545211792,0.4440996050834656,762,0.026371311396360397,0.008042499423027039,0.9539473652839661,0.9521673917770386,-0.14473682641983032,0.04110616445541382,3197,527,0,557,0,2105,2,0,0,2,0,4,0
103,Polblogs,0.1,100,30,0.25,20,500,1.0009413633153771e-22,0.5559004545211792,0.4440996050834656,764,0.026371311396360397,0.008042499423027039,0.9934210777282715,0.9671151041984558,-0.20394736528396606,0.023916304111480713,3197,527,0,557,0,2104,3,0,0,2,0,4,0
103,Polblogs,0.1,100,30,0.25,20,500,1.0009413633153771e-22,0.5559004545211792,0.4440996050834656,759,0.026371311396360397,0.008042499423027039,0.9736841917037964,0.9633781909942627,-0.2171052098274231,0.024663686752319336,3197,527,0,557,0,2106,1,0,0,2,0,4,0
103,Polblogs,0.1,100,30,0.25,20,500,1.0009413633153771e-22,0.5559004545211792,0.4440996050834656,765,0.026371311396360397,0.008042499423027039,0.9671052694320679,0.9596412777900696,-0.17105263471603394,0.03288489580154419,3197,527,0,555,2,2106,1,0,0,2,0,4,0
103,Polblogs,0.1,100,30,0.25,20,500,1.0009413633153771e-22,0.5559004545211792,0.4440996050834656,766,0.026371311396360397,0.008042499423027039,0.9539473652839661,0.9708520174026489,-0.18421053886413574,0.012705504894256592,3197,527,0,557,0,2106,1,0,0,2,0,4,0
103,Polblogs,0.1,100,30,0.25,20,500,1.0009413633153771e-22,0.5559004545211792,0.4440996050834656,767,0.026371311396360397,0.008042499423027039,0.9868420958518982,0.9663677215576172,-0.21052628755569458,0.024663686752319336,3197,527,0,557,0,2107,0,0,0,2,0,4,0
103,Polblogs,0.1,100,30,0.25,20,500,1.0009413633153771e-22,0.5559004545211792,0.4440996050834656,760,0.026371311396360397,0.008042499423027039,0.9671052694320679,0.9678624868392944,-0.18421053886413574,0.02541106939315796,3197,527,0,556,1,2106,1,0,0,2,0,4,0
103,Polblogs,0.1,100,30,0.25,20,500,1.0009413633153771e-22,0.5559004545211792,0.4440996050834656,758,0.026371311396360397,0.008042499423027039,0.9671052694320679,0.9715994000434875,-0.1513158082962036,0.022421538829803467,3197,527,0,556,1,2106,1,0,0,2,0,4,0
103,Polblogs,0.1,100,30,0.5,20,500,0.0,0.4837591052055359,0.5162408947944641,-1,1.0,0.9997804164886475,0.8355263471603394,0.8572496175765991,-0.59868423640728,-0.002242147922515869,5495,429,324,698,512,1433,2088,1,0,5,0,5,0
103,Polblogs,0.1,100,30,0.5,20,500,0.0,0.4837591052055359,0.5162408947944641,763,0.026371311396360397,0.008042499423027039,0.9802631735801697,0.9663677215576172,-0.29605263471603394,0.029895365238189697,5495,753,0,1210,0,3520,1,1,0,5,0,5,0
103,Polblogs,0.1,100,30,0.5,20,500,0.0,0.4837591052055359,0.5162408947944641,761,0.026371311396360397,0.008042499423027039,0.9868420958518982,0.9738415479660034,-0.28947365283966064,0.019432008266448975,5495,753,0,1210,0,3516,5,1,0,5,0,5,0
103,Polblogs,0.1,100,30,0.5,20,500,0.0,0.4837591052055359,0.5162408947944641,762,0.026371311396360397,0.008042499423027039,0.9539473652839661,0.9521673917770386,-0.2565789222717285,0.04185354709625244,5495,753,0,1210,0,3519,2,1,0,5,0,5,0
103,Polblogs,0.1,100,30,0.5,20,500,0.0,0.4837591052055359,0.5162408947944641,764,0.026371311396360397,0.008042499423027039,0.9934210777282715,0.9671151041984558,-0.30921053886413574,0.02541106939315796,5495,753,0,1210,0,3517,4,1,0,5,0,5,0
103,Polblogs,0.1,100,30,0.5,20,500,0.0,0.4837591052055359,0.5162408947944641,759,0.026371311396360397,0.008042499423027039,0.9736841917037964,0.9633781909942627,-0.30263155698776245,0.032137513160705566,5495,753,0,1209,1,3519,2,1,0,5,0,5,0
103,Polblogs,0.1,100,30,0.5,20,500,0.0,0.4837591052055359,0.5162408947944641,765,0.026371311396360397,0.008042499423027039,0.9671052694320679,0.9596412777900696,-0.2697368264198303,0.03587442636489868,5495,753,0,1207,3,3520,1,1,0,5,0,5,0
103,Polblogs,0.1,100,30,0.5,20,500,0.0,0.4837591052055359,0.5162408947944641,766,0.026371311396360397,0.008042499423027039,0.9539473652839661,0.9708520174026489,-0.29605263471603394,0.019432008266448975,5495,753,0,1209,1,3520,1,1,0,4,1,5,0
103,Polblogs,0.1,100,30,0.5,20,500,0.0,0.4837591052055359,0.5162408947944641,767,0.026371311396360397,0.008042499423027039,0.9868420958518982,0.9663677215576172,-0.28947365283966064,0.02840059995651245,5495,753,0,1209,1,3521,0,1,0,5,0,5,0
103,Polblogs,0.1,100,30,0.5,20,500,0.0,0.4837591052055359,0.5162408947944641,760,0.026371311396360397,0.008042499423027039,0.9671052694320679,0.9678624868392944,-0.2697368264198303,0.02840059995651245,5495,753,0,1208,2,3520,1,1,0,5,0,5,0
103,Polblogs,0.1,100,30,0.5,20,500,0.0,0.4837591052055359,0.5162408947944641,758,0.026371311396360397,0.008042499423027039,0.9671052694320679,0.9715994000434875,-0.2697368264198303,0.023916304111480713,5495,753,0,1206,4,3519,2,1,0,5,0,5,0
104,Polblogs,0.1,100,30,0.25,20,500,0.018620764836668968,0.4603157639503479,0.5210634469985962,-1,1.0,0.9997804164886475,0.6969696879386902,0.7049056887626648,-0.2181818187236786,0.12981128692626953,3435,303,352,373,144,701,1558,0,0,1,0,3,0
104,Polblogs,0.1,100,30,0.25,20,500,0.018620764836668968,0.4603157639503479,0.5210634469985962,763,0.026371311396360397,0.008042499423027039,0.9757575392723083,0.9758490324020386,-0.10909092426300049,0.015094339847564697,3435,655,0,517,0,2258,1,0,0,1,0,3,0
104,Polblogs,0.1,100,30,0.25,20,500,0.018620764836668968,0.4603157639503479,0.5210634469985962,761,0.026371311396360397,0.008042499423027039,0.9939393401145935,0.995471715927124,-0.13939392566680908,-0.009056627750396729,3435,655,0,517,0,2258,1,0,0,1,0,3,0
104,Polblogs,0.1,100,30,0.25,20,500,0.018620764836668968,0.4603157639503479,0.5210634469985962,762,0.026371311396360397,0.008042499423027039,0.8787878751754761,0.9139622449874878,-0.08484852313995361,0.01056605577468872,3435,655,0,516,1,2259,0,0,0,1,0,3,0
104,Polblogs,0.1,100,30,0.25,20,500,0.018620764836668968,0.4603157639503479,0.5210634469985962,764,0.026371311396360397,0.008042499423027039,0.9818181395530701,0.9788679480552673,-0.24848484992980957,-0.01735854148864746,3435,655,0,517,0,2257,2,0,0,1,0,3,0
104,Polblogs,0.1,100,30,0.25,20,500,0.018620764836668968,0.4603157639503479,0.5210634469985962,759,0.026371311396360397,0.008042499423027039,0.9515151381492615,0.9660377502441406,-0.12727272510528564,0.02037733793258667,3435,655,0,517,0,2253,6,0,0,1,0,3,0
104,Polblogs,0.1,100,30,0.25,20,500,0.018620764836668968,0.4603157639503479,0.5210634469985962,765,0.026371311396360397,0.008042499423027039,0.9696969389915466,0.9516981244087219,-0.09090906381607056,0.039999961853027344,3435,655,0,515,2,2258,1,0,0,1,0,3,0
104,Polblogs,0.1,100,30,0.25,20,500,0.018620764836668968,0.4603157639503479,0.5210634469985962,766,0.026371311396360397,0.008042499423027039,0.9878787398338318,0.99622642993927,-0.054545462131500244,0.0015094280242919922,3435,654,1,517,0,2256,3,0,0,1,0,3,0
104,Polblogs,0.1,100,30,0.25,20,500,0.018620764836668968,0.4603157639503479,0.5210634469985962,767,0.026371311396360397,0.008042499423027039,0.9878787398338318,0.993207573890686,-0.16969692707061768,-0.009056627750396729,3435,655,0,517,0,2258,1,0,0,1,0,3,0
104,Polblogs,0.1,100,30,0.25,20,500,0.018620764836668968,0.4603157639503479,0.5210634469985962,760,0.026371311396360397,0.008042499423027039,0.9939393401145935,0.994717001914978,-0.15757572650909424,-0.009056627750396729,3435,655,0,517,0,2256,3,0,0,1,0,3,0
104,Polblogs,0.1,100,30,0.25,20,500,0.018620764836668968,0.4603157639503479,0.5210634469985962,758,0.026371311396360397,0.008042499423027039,0.9939393401145935,0.99622642993927,-0.13333332538604736,-0.014339625835418701,3435,655,0,517,0,2256,3,0,0,1,0,3,0
104,Polblogs,0.1,100,30,0.5,20,500,2.1924715772826088e-41,0.4529389441013336,0.5470610857009888,-1,1.0,0.9997804164886475,0.6969696879386902,0.7049056887626648,-0.27272728085517883,0.12452828884124756,5637,421,504,727,261,1064,2652,1,0,2,0,5,0
104,Polblogs,0.1,100,30,0.5,20,500,2.1924715772826088e-41,0.4529389441013336,0.5470610857009888,763,0.026371311396360397,0.008042499423027039,0.9757575392723083,0.9758490324020386,-0.15151512622833252,0.0007547140121459961,5637,925,0,988,0,3714,2,1,0,2,0,5,0
104,Polblogs,0.1,100,30,0.5,20,500,2.1924715772826088e-41,0.4529389441013336,0.5470610857009888,761,0.026371311396360397,0.008042499423027039,0.9939393401145935,0.995471715927124,-0.21212118864059448,-0.022641539573669434,5637,925,0,988,0,3714,2,1,0,2,0,5,0
104,Polblogs,0.1,100,30,0.5,20,500,2.1924715772826088e-41,0.4529389441013336,0.5470610857009888,762,0.026371311396360397,0.008042499423027039,0.8787878751754761,0.9139622449874878,-0.10909092426300049,0.009811341762542725,5637,925,0,987,1,3715,1,1,0,2,0,5,0
104,Polblogs,0.1,100,30,0.5,20,500,2.1924715772826088e-41,0.4529389441013336,0.5470610857009888,764,0.026371311396360397,0.008042499423027039,0.9818181395530701,0.9788679480552673,-0.1454545259475708,0.0,5637,925,0,988,0,3715,1,1,0,2,0,5,0
104,Polblogs,0.1,100,30,0.5,20,500,2.1924715772826088e-41,0.4529389441013336,0.5470610857009888,759,0.026371311396360397,0.008042499423027039,0.9515151381492615,0.9660377502441406,-0.13333332538604736,0.012075483798980713,5637,924,1,988,0,3705,11,1,0,2,0,5,0
104,Polblogs,0.1,100,30,0.5,20,500,2.1924715772826088e-41,0.4529389441013336,0.5470610857009888,765,0.026371311396360397,0.008042499423027039,0.9696969389915466,0.9516981244087219,-0.17575758695602417,0.03094339370727539,5637,925,0,986,2,3712,4,1,0,2,0,5,0
104,Polblogs,0.1,100,30,0.5,20,500,2.1924715772826088e-41,0.4529389441013336,0.5470610857009888,766,0.026371311396360397,0.008042499423027039,0.9878787398338318,0.99622642993927,0.0,0.0022641420364379883,5637,922,3,988,0,3712,4,1,0,2,0,4,1
104,Polblogs,0.1,100,30,0.5,20,500,2.1924715772826088e-41,0.4529389441013336,0.5470610857009888,767,0.026371311396360397,0.008042499423027039,0.9878787398338318,0.993207573890686,-0.1878787875175476,-0.011320769786834717,5637,925,0,988,0,3715,1,1,0,2,0,5,0
104,Polblogs,0.1,100,30,0.5,20,500,2.1924715772826088e-41,0.4529389441013336,0.5470610857009888,760,0.026371311396360397,0.008042499423027039,0.9939393401145935,0.994717001914978,-0.21212118864059448,-0.015849053859710693,5637,925,0,987,1,3710,6,1,0,2,0,5,0
104,Polblogs,0.1,100,30,0.5,20,500,2.1924715772826088e-41,0.4529389441013336,0.5470610857009888,758,0.026371311396360397,0.008042499423027039,0.9939393401145935,0.99622642993927,-0.20606058835983276,-0.03169810771942139,5637,925,0,988,0,3711,5,1,0,2,0,5,0