label,index,num_edges,num_nodes,density,num_triangles,max_diameter,seed,subgraph_size,num_save,batch_size,timesteps,epochs,method,dataset
train,0,46,16,2.875,9,8,123,16,50,64,200,5,walk,cora
train,1,42,16,2.625,11,8,123,16,50,64,200,5,walk,cora
train,2,34,16,2.125,0,9,123,16,50,64,200,5,walk,cora
train,3,34,16,2.125,2,11,123,16,50,64,200,5,walk,cora
train,4,46,16,2.875,9,8,123,16,50,64,200,5,walk,cora
train,5,38,16,2.375,3,8,123,16,50,64,200,5,walk,cora
train,6,34,16,2.125,1,9,123,16,50,64,200,5,walk,cora
train,7,34,16,2.125,2,8,123,16,50,64,200,5,walk,cora
train,8,32,16,2.0,0,9,123,16,50,64,200,5,walk,cora
train,9,40,16,2.5,5,10,123,16,50,64,200,5,walk,cora
train,10,40,16,2.5,2,8,123,16,50,64,200,5,walk,cora
train,11,36,16,2.25,3,8,123,16,50,64,200,5,walk,cora
train,12,34,16,2.125,1,9,123,16,50,64,200,5,walk,cora
train,13,50,16,3.125,13,3,123,16,50,64,200,5,walk,cora
train,14,40,16,2.5,6,9,123,16,50,64,200,5,walk,cora
train,15,44,16,2.75,8,7,123,16,50,64,200,5,walk,cora
train,16,62,16,3.875,20,6,123,16,50,64,200,5,walk,cora
train,17,84,16,5.25,37,3,123,16,50,64,200,5,walk,cora
train,18,42,16,2.625,5,5,123,16,50,64,200,5,walk,cora
train,19,46,16,2.875,10,5,123,16,50,64,200,5,walk,cora
train,20,38,16,2.375,2,9,123,16,50,64,200,5,walk,cora
train,21,36,16,2.25,3,10,123,16,50,64,200,5,walk,cora
train,22,46,16,2.875,8,6,123,16,50,64,200,5,walk,cora
train,23,32,16,2.0,1,11,123,16,50,64,200,5,walk,cora
train,24,50,16,3.125,12,7,123,16,50,64,200,5,walk,cora
train,25,48,16,3.0,6,7,123,16,50,64,200,5,walk,cora
train,26,34,16,2.125,1,10,123,16,50,64,200,5,walk,cora
train,27,32,16,2.0,2,7,123,16,50,64,200,5,walk,cora
train,28,42,16,2.625,8,4,123,16,50,64,200,5,walk,cora
train,29,38,16,2.375,2,6,123,16,50,64,200,5,walk,cora
train,30,32,16,2.0,1,8,123,16,50,64,200,5,walk,cora
train,31,34,16,2.125,1,9,123,16,50,64,200,5,walk,cora
train,32,46,16,2.875,5,5,123,16,50,64,200,5,walk,cora
train,33,30,16,1.875,1,7,123,16,50,64,200,5,walk,cora
train,34,32,16,2.0,1,11,123,16,50,64,200,5,walk,cora
train,35,42,16,2.625,4,7,123,16,50,64,200,5,walk,cora
train,36,44,16,2.75,5,6,123,16,50,64,200,5,walk,cora
train,37,56,16,3.5,16,3,123,16,50,64,200,5,walk,cora
train,38,40,16,2.5,4,5,123,16,50,64,200,5,walk,cora
train,39,38,16,2.375,3,9,123,16,50,64,200,5,walk,cora
train,40,46,16,2.875,7,5,123,16,50,64,200,5,walk,cora
train,41,46,16,2.875,9,7,123,16,50,64,200,5,walk,cora
train,42,32,16,2.0,0,12,123,16,50,64,200,5,walk,cora
train,43,50,16,3.125,12,5,123,16,50,64,200,5,walk,cora
train,44,28,16,1.75,0,9,123,16,50,64,200,5,walk,cora
train,45,32,16,2.0,1,10,123,16,50,64,200,5,walk,cora
train,46,36,16,2.25,2,8,123,16,50,64,200,5,walk,cora
train,47,68,16,4.25,25,3,123,16,50,64,200,5,walk,cora
train,48,44,16,2.75,6,7,123,16,50,64,200,5,walk,cora
train,49,52,16,3.25,13,9,123,16,50,64,200,5,walk,cora
pred,0,57,16,3.5625,9,4,123,16,50,64,200,5,walk,cora
pred,1,34,16,2.125,1,6,123,16,50,64,200,5,walk,cora
pred,2,36,16,2.25,1,6,123,16,50,64,200,5,walk,cora
pred,3,31,16,1.9375,1,8,123,16,50,64,200,5,walk,cora
pred,4,27,16,1.6875,2,6,123,16,50,64,200,5,walk,cora
pred,5,34,16,2.125,3,5,123,16,50,64,200,5,walk,cora
pred,6,27,16,1.6875,3,5,123,16,50,64,200,5,walk,cora
pred,7,39,16,2.4375,3,7,123,16,50,64,200,5,walk,cora
pred,8,37,16,2.3125,6,3,123,16,50,64,200,5,walk,cora
pred,9,35,16,2.1875,0,6,123,16,50,64,200,5,walk,cora
pred,10,41,16,2.5625,3,7,123,16,50,64,200,5,walk,cora
pred,11,38,16,2.375,1,8,123,16,50,64,200,5,walk,cora
pred,12,33,16,2.0625,1,7,123,16,50,64,200,5,walk,cora
pred,13,45,16,2.8125,3,6,123,16,50,64,200,5,walk,cora
pred,14,67,16,4.1875,13,3,123,16,50,64,200,5,walk,cora
pred,15,24,16,1.5,0,4,123,16,50,64,200,5,walk,cora
pred,16,37,16,2.3125,1,6,123,16,50,64,200,5,walk,cora
pred,17,33,16,2.0625,0,8,123,16,50,64,200,5,walk,cora
pred,18,37,16,2.3125,1,7,123,16,50,64,200,5,walk,cora
pred,19,26,16,1.625,2,8,123,16,50,64,200,5,walk,cora
pred,20,26,16,1.625,0,6,123,16,50,64,200,5,walk,cora
pred,21,59,16,3.6875,22,4,123,16,50,64,200,5,walk,cora
pred,22,36,16,2.25,3,7,123,16,50,64,200,5,walk,cora
pred,23,30,16,1.875,0,5,123,16,50,64,200,5,walk,cora
pred,24,50,16,3.125,4,5,123,16,50,64,200,5,walk,cora
pred,25,35,16,2.1875,0,7,123,16,50,64,200,5,walk,cora
pred,26,18,16,1.125,0,3,123,16,50,64,200,5,walk,cora
pred,27,37,16,2.3125,3,6,123,16,50,64,200,5,walk,cora
pred,28,39,16,2.4375,4,5,123,16,50,64,200,5,walk,cora
pred,29,37,16,2.3125,2,7,123,16,50,64,200,5,walk,cora
pred,30,28,16,1.75,0,9,123,16,50,64,200,5,walk,cora
pred,31,42,16,2.625,2,7,123,16,50,64,200,5,walk,cora
pred,32,46,16,2.875,5,4,123,16,50,64,200,5,walk,cora
pred,33,46,16,2.875,5,6,123,16,50,64,200,5,walk,cora
pred,34,49,16,3.0625,9,6,123,16,50,64,200,5,walk,cora
pred,35,33,16,2.0625,1,7,123,16,50,64,200,5,walk,cora
pred,36,42,16,2.625,3,7,123,16,50,64,200,5,walk,cora
pred,37,34,16,2.125,1,6,123,16,50,64,200,5,walk,cora
pred,38,36,16,2.25,6,3,123,16,50,64,200,5,walk,cora
pred,39,31,16,1.9375,0,7,123,16,50,64,200,5,walk,cora
pred,40,25,16,1.5625,2,4,123,16,50,64,200,5,walk,cora
pred,41,39,16,2.4375,5,6,123,16,50,64,200,5,walk,cora
pred,42,31,16,1.9375,0,10,123,16,50,64,200,5,walk,cora
pred,43,45,16,2.8125,5,5,123,16,50,64,200,5,walk,cora
pred,44,36,16,2.25,5,5,123,16,50,64,200,5,walk,cora
pred,45,48,16,3.0,7,8,123,16,50,64,200,5,walk,cora
pred,46,35,16,2.1875,1,9,123,16,50,64,200,5,walk,cora
pred,47,33,16,2.0625,0,4,123,16,50,64,200,5,walk,cora
pred,48,47,16,2.9375,8,5,123,16,50,64,200,5,walk,cora
pred,49,50,16,3.125,4,5,123,16,50,64,200,5,walk,cora
train,0,88,32,2.75,11,10,123,32,50,64,200,5,walk,cora
train,1,82,32,2.5625,8,10,123,32,50,64,200,5,walk,cora
train,2,76,32,2.375,6,16,123,32,50,64,200,5,walk,cora
train,3,76,32,2.375,5,18,123,32,50,64,200,5,walk,cora
train,4,112,32,3.5,19,8,123,32,50,64,200,5,walk,cora
train,5,84,32,2.625,14,17,123,32,50,64,200,5,walk,cora
train,6,66,32,2.0625,1,16,123,32,50,64,200,5,walk,cora
train,7,96,32,3.0,12,9,123,32,50,64,200,5,walk,cora
train,8,114,32,3.5625,31,7,123,32,50,64,200,5,walk,cora
train,9,98,32,3.0625,17,9,123,32,50,64,200,5,walk,cora
train,10,106,32,3.3125,18,7,123,32,50,64,200,5,walk,cora
train,11,122,32,3.8125,34,9,123,32,50,64,200,5,walk,cora
train,12,100,32,3.125,10,7,123,32,50,64,200,5,walk,cora
train,13,92,32,2.875,11,10,123,32,50,64,200,5,walk,cora
train,14,88,32,2.75,10,9,123,32,50,64,200,5,walk,cora
train,15,92,32,2.875,12,12,123,32,50,64,200,5,walk,cora
train,16,94,32,2.9375,11,11,123,32,50,64,200,5,walk,cora
train,17,86,32,2.6875,12,15,123,32,50,64,200,5,walk,cora
train,18,80,32,2.5,8,17,123,32,50,64,200,5,walk,cora
train,19,110,32,3.4375,24,11,123,32,50,64,200,5,walk,cora
train,20,68,32,2.125,3,20,123,32,50,64,200,5,walk,cora
train,21,110,32,3.4375,26,7,123,32,50,64,200,5,walk,cora
train,22,110,32,3.4375,18,10,123,32,50,64,200,5,walk,cora
train,23,86,32,2.6875,5,9,123,32,50,64,200,5,walk,cora
train,24,80,32,2.5,8,11,123,32,50,64,200,5,walk,cora
train,25,86,32,2.6875,8,10,123,32,50,64,200,5,walk,cora
train,26,90,32,2.8125,10,11,123,32,50,64,200,5,walk,cora
train,27,116,32,3.625,24,7,123,32,50,64,200,5,walk,cora
train,28,94,32,2.9375,7,8,123,32,50,64,200,5,walk,cora
train,29,78,32,2.4375,7,13,123,32,50,64,200,5,walk,cora
train,30,96,32,3.0,12,9,123,32,50,64,200,5,walk,cora
train,31,90,32,2.8125,11,6,123,32,50,64,200,5,walk,cora
train,32,90,32,2.8125,8,11,123,32,50,64,200,5,walk,cora
train,33,76,32,2.375,9,15,123,32,50,64,200,5,walk,cora
train,34,102,32,3.1875,28,10,123,32,50,64,200,5,walk,cora
train,35,84,32,2.625,5,8,123,32,50,64,200,5,walk,cora
train,36,86,32,2.6875,8,15,123,32,50,64,200,5,walk,cora
train,37,80,32,2.5,7,15,123,32,50,64,200,5,walk,cora
train,38,84,32,2.625,6,15,123,32,50,64,200,5,walk,cora
train,39,92,32,2.875,19,15,123,32,50,64,200,5,walk,cora
train,40,70,32,2.1875,2,14,123,32,50,64,200,5,walk,cora
train,41,90,32,2.8125,12,7,123,32,50,64,200,5,walk,cora
train,42,96,32,3.0,15,11,123,32,50,64,200,5,walk,cora
train,43,112,32,3.5,29,10,123,32,50,64,200,5,walk,cora
train,44,82,32,2.5625,6,14,123,32,50,64,200,5,walk,cora
train,45,102,32,3.1875,16,10,123,32,50,64,200,5,walk,cora
train,46,90,32,2.8125,15,13,123,32,50,64,200,5,walk,cora
train,47,76,32,2.375,7,17,123,32,50,64,200,5,walk,cora
train,48,82,32,2.5625,7,9,123,32,50,64,200,5,walk,cora
train,49,128,32,4.0,30,4,123,32,50,64,200,5,walk,cora
pred,0,172,32,5.375,34,5,123,32,50,64,200,5,walk,cora
pred,1,262,32,8.1875,138,4,123,32,50,64,200,5,walk,cora
pred,2,287,32,8.96875,136,3,123,32,50,64,200,5,walk,cora
pred,3,185,32,5.78125,47,5,123,32,50,64,200,5,walk,cora
pred,4,262,32,8.1875,132,4,123,32,50,64,200,5,walk,cora
pred,5,137,32,4.28125,21,5,123,32,50,64,200,5,walk,cora
pred,6,233,32,7.28125,68,4,123,32,50,64,200,5,walk,cora
pred,7,168,32,5.25,39,5,123,32,50,64,200,5,walk,cora
pred,8,216,32,6.75,64,4,123,32,50,64,200,5,walk,cora
pred,9,184,32,5.75,40,5,123,32,50,64,200,5,walk,cora
pred,10,236,32,7.375,83,4,123,32,50,64,200,5,walk,cora
pred,11,165,32,5.15625,31,6,123,32,50,64,200,5,walk,cora
pred,12,219,32,6.84375,71,4,123,32,50,64,200,5,walk,cora
pred,13,303,32,9.46875,177,4,123,32,50,64,200,5,walk,cora
pred,14,174,32,5.4375,41,5,123,32,50,64,200,5,walk,cora
pred,15,190,32,5.9375,45,4,123,32,50,64,200,5,walk,cora
pred,16,304,32,9.5,148,3,123,32,50,64,200,5,walk,cora
pred,17,203,32,6.34375,63,4,123,32,50,64,200,5,walk,cora
pred,18,248,32,7.75,91,4,123,32,50,64,200,5,walk,cora
pred,19,208,32,6.5,62,4,123,32,50,64,200,5,walk,cora
pred,20,180,32,5.625,44,6,123,32,50,64,200,5,walk,cora
pred,21,259,32,8.09375,102,3,123,32,50,64,200,5,walk,cora
pred,22,250,32,7.8125,102,4,123,32,50,64,200,5,walk,cora
pred,23,236,32,7.375,95,4,123,32,50,64,200,5,walk,cora
pred,24,228,32,7.125,69,4,123,32,50,64,200,5,walk,cora
pred,25,246,32,7.6875,89,4,123,32,50,64,200,5,walk,cora
pred,26,228,32,7.125,92,5,123,32,50,64,200,5,walk,cora
pred,27,216,32,6.75,64,4,123,32,50,64,200,5,walk,cora
pred,28,222,32,6.9375,66,4,123,32,50,64,200,5,walk,cora
pred,29,247,32,7.71875,97,4,123,32,50,64,200,5,walk,cora
pred,30,298,32,9.3125,143,3,123,32,50,64,200,5,walk,cora
pred,31,270,32,8.4375,139,3,123,32,50,64,200,5,walk,cora
pred,32,273,32,8.53125,119,3,123,32,50,64,200,5,walk,cora
pred,33,288,32,9.0,115,3,123,32,50,64,200,5,walk,cora
pred,34,206,32,6.4375,63,4,123,32,50,64,200,5,walk,cora
pred,35,209,32,6.53125,56,5,123,32,50,64,200,5,walk,cora
pred,36,211,32,6.59375,72,4,123,32,50,64,200,5,walk,cora
pred,37,142,32,4.4375,22,5,123,32,50,64,200,5,walk,cora
pred,38,205,32,6.40625,44,4,123,32,50,64,200,5,walk,cora
pred,39,216,32,6.75,68,4,123,32,50,64,200,5,walk,cora
pred,40,244,32,7.625,71,3,123,32,50,64,200,5,walk,cora
pred,41,250,32,7.8125,98,5,123,32,50,64,200,5,walk,cora
pred,42,224,32,7.0,72,4,123,32,50,64,200,5,walk,cora
pred,43,305,32,9.53125,153,3,123,32,50,64,200,5,walk,cora
pred,44,193,32,6.03125,39,4,123,32,50,64,200,5,walk,cora
pred,45,215,32,6.71875,64,5,123,32,50,64,200,5,walk,cora
pred,46,176,32,5.5,37,4,123,32,50,64,200,5,walk,cora
pred,47,234,32,7.3125,87,5,123,32,50,64,200,5,walk,cora
pred,48,233,32,7.28125,76,4,123,32,50,64,200,5,walk,cora
pred,49,216,32,6.75,69,4,123,32,50,64,200,5,walk,cora
train,0,34,16,2.125,1,7,123,16,50,64,400,5,walk,cora
train,1,52,16,3.25,11,4,123,16,50,64,400,5,walk,cora
train,2,40,16,2.5,4,10,123,16,50,64,400,5,walk,cora
train,3,38,16,2.375,0,5,123,16,50,64,400,5,walk,cora
train,4,50,16,3.125,8,5,123,16,50,64,400,5,walk,cora
train,5,32,16,2.0,0,8,123,16,50,64,400,5,walk,cora
train,6,44,16,2.75,1,6,123,16,50,64,400,5,walk,cora
train,7,30,16,1.875,0,5,123,16,50,64,400,5,walk,cora
train,8,36,16,2.25,2,11,123,16,50,64,400,5,walk,cora
train,9,38,16,2.375,2,6,123,16,50,64,400,5,walk,cora
train,10,38,16,2.375,1,10,123,16,50,64,400,5,walk,cora
train,11,40,16,2.5,3,4,123,16,50,64,400,5,walk,cora
train,12,56,16,3.5,15,6,123,16,50,64,400,5,walk,cora
train,13,40,16,2.5,2,9,123,16,50,64,400,5,walk,cora
train,14,34,16,2.125,1,7,123,16,50,64,400,5,walk,cora
train,15,30,16,1.875,0,10,123,16,50,64,400,5,walk,cora
train,16,38,16,2.375,1,8,123,16,50,64,400,5,walk,cora
train,17,34,16,2.125,1,11,123,16,50,64,400,5,walk,cora
train,18,30,16,1.875,1,5,123,16,50,64,400,5,walk,cora
train,19,52,16,3.25,8,5,123,16,50,64,400,5,walk,cora
train,20,34,16,2.125,1,11,123,16,50,64,400,5,walk,cora
train,21,42,16,2.625,9,5,123,16,50,64,400,5,walk,cora
train,22,30,16,1.875,0,12,123,16,50,64,400,5,walk,cora
train,23,40,16,2.5,3,6,123,16,50,64,400,5,walk,cora
train,24,36,16,2.25,3,10,123,16,50,64,400,5,walk,cora
train,25,34,16,2.125,1,9,123,16,50,64,400,5,walk,cora
train,26,34,16,2.125,3,7,123,16,50,64,400,5,walk,cora
train,27,32,16,2.0,1,8,123,16,50,64,400,5,walk,cora
train,28,36,16,2.25,3,10,123,16,50,64,400,5,walk,cora
train,29,36,16,2.25,2,6,123,16,50,64,400,5,walk,cora
train,30,34,16,2.125,2,9,123,16,50,64,400,5,walk,cora
train,31,36,16,2.25,2,8,123,16,50,64,400,5,walk,cora
train,32,44,16,2.75,7,8,123,16,50,64,400,5,walk,cora
train,33,42,16,2.625,7,8,123,16,50,64,400,5,walk,cora
train,34,46,16,2.875,7,5,123,16,50,64,400,5,walk,cora
train,35,40,16,2.5,2,8,123,16,50,64,400,5,walk,cora
train,36,42,16,2.625,5,4,123,16,50,64,400,5,walk,cora
train,37,28,16,1.75,0,6,123,16,50,64,400,5,walk,cora
train,38,34,16,2.125,2,6,123,16,50,64,400,5,walk,cora
train,39,42,16,2.625,6,7,123,16,50,64,400,5,walk,cora
train,40,38,16,2.375,4,9,123,16,50,64,400,5,walk,cora
train,41,46,16,2.875,8,7,123,16,50,64,400,5,walk,cora
train,42,48,16,3.0,7,3,123,16,50,64,400,5,walk,cora
train,43,36,16,2.25,2,10,123,16,50,64,400,5,walk,cora
train,44,40,16,2.5,4,10,123,16,50,64,400,5,walk,cora
train,45,38,16,2.375,3,8,123,16,50,64,400,5,walk,cora
train,46,54,16,3.375,9,4,123,16,50,64,400,5,walk,cora
train,47,44,16,2.75,9,4,123,16,50,64,400,5,walk,cora
train,48,46,16,2.875,8,7,123,16,50,64,400,5,walk,cora
train,49,40,16,2.5,7,11,123,16,50,64,400,5,walk,cora
pred,0,28,16,1.75,0,7,123,16,50,64,400,5,walk,cora
pred,1,22,16,1.375,0,6,123,16,50,64,400,5,walk,cora
pred,2,22,16,1.375,0,5,123,16,50,64,400,5,walk,cora
pred,3,28,16,1.75,1,7,123,16,50,64,400,5,walk,cora
pred,4,20,16,1.25,0,4,123,16,50,64,400,5,walk,cora
pred,5,18,16,1.125,0,3,123,16,50,64,400,5,walk,cora
pred,6,43,16,2.6875,4,5,123,16,50,64,400,5,walk,cora
pred,7,24,16,1.5,0,4,123,16,50,64,400,5,walk,cora
pred,8,26,16,1.625,0,8,123,16,50,64,400,5,walk,cora
pred,9,28,16,1.75,0,8,123,16,50,64,400,5,walk,cora
pred,10,31,16,1.9375,2,8,123,16,50,64,400,5,walk,cora
pred,11,27,16,1.6875,2,9,123,16,50,64,400,5,walk,cora
pred,12,34,16,2.125,3,4,123,16,50,64,400,5,walk,cora
pred,13,25,16,1.5625,0,6,123,16,50,64,400,5,walk,cora
pred,14,20,16,1.25,0,7,123,16,50,64,400,5,walk,cora
pred,15,25,16,1.5625,1,5,123,16,50,64,400,5,walk,cora
pred,16,19,16,1.1875,0,5,123,16,50,64,400,5,walk,cora
pred,17,24,16,1.5,0,5,123,16,50,64,400,5,walk,cora
pred,18,21,16,1.3125,0,5,123,16,50,64,400,5,walk,cora
pred,19,24,16,1.5,0,6,123,16,50,64,400,5,walk,cora
pred,20,24,16,1.5,1,7,123,16,50,64,400,5,walk,cora
pred,21,36,16,2.25,2,11,123,16,50,64,400,5,walk,cora
pred,22,30,16,1.875,0,9,123,16,50,64,400,5,walk,cora
pred,23,14,16,0.875,0,2,123,16,50,64,400,5,walk,cora
pred,24,28,16,1.75,0,9,123,16,50,64,400,5,walk,cora
pred,25,38,16,2.375,3,11,123,16,50,64,400,5,walk,cora
pred,26,20,16,1.25,0,5,123,16,50,64,400,5,walk,cora
pred,27,27,16,1.6875,0,6,123,16,50,64,400,5,walk,cora
pred,28,28,16,1.75,0,10,123,16,50,64,400,5,walk,cora
pred,29,24,16,1.5,1,5,123,16,50,64,400,5,walk,cora
pred,30,16,16,1.0,0,7,123,16,50,64,400,5,walk,cora
pred,31,33,16,2.0625,3,6,123,16,50,64,400,5,walk,cora
pred,32,36,16,2.25,0,9,123,16,50,64,400,5,walk,cora
pred,33,28,16,1.75,2,6,123,16,50,64,400,5,walk,cora
pred,34,26,16,1.625,0,5,123,16,50,64,400,5,walk,cora
pred,35,26,16,1.625,1,6,123,16,50,64,400,5,walk,cora
pred,36,27,16,1.6875,1,7,123,16,50,64,400,5,walk,cora
pred,37,14,16,0.875,0,3,123,16,50,64,400,5,walk,cora
pred,38,20,16,1.25,0,4,123,16,50,64,400,5,walk,cora
pred,39,23,16,1.4375,0,7,123,16,50,64,400,5,walk,cora
pred,40,22,16,1.375,0,5,123,16,50,64,400,5,walk,cora
pred,41,20,16,1.25,0,6,123,16,50,64,400,5,walk,cora
pred,42,20,16,1.25,0,5,123,16,50,64,400,5,walk,cora
pred,43,20,16,1.25,0,6,123,16,50,64,400,5,walk,cora
pred,44,25,16,1.5625,1,4,123,16,50,64,400,5,walk,cora
pred,45,16,16,1.0,0,3,123,16,50,64,400,5,walk,cora
pred,46,29,16,1.8125,0,12,123,16,50,64,400,5,walk,cora
pred,47,25,16,1.5625,0,11,123,16,50,64,400,5,walk,cora
pred,48,19,16,1.1875,0,3,123,16,50,64,400,5,walk,cora
pred,49,36,16,2.25,2,11,123,16,50,64,400,5,walk,cora
train,0,74,32,2.3125,7,15,123,32,50,64,400,5,walk,cora
train,1,80,32,2.5,8,14,123,32,50,64,400,5,walk,cora
train,2,100,32,3.125,19,10,123,32,50,64,400,5,walk,cora
train,3,100,32,3.125,15,7,123,32,50,64,400,5,walk,cora
train,4,100,32,3.125,14,11,123,32,50,64,400,5,walk,cora
train,5,80,32,2.5,8,16,123,32,50,64,400,5,walk,cora
train,6,96,32,3.0,15,13,123,32,50,64,400,5,walk,cora
train,7,86,32,2.6875,14,8,123,32,50,64,400,5,walk,cora
train,8,72,32,2.25,2,20,123,32,50,64,400,5,walk,cora
train,9,76,32,2.375,4,17,123,32,50,64,400,5,walk,cora
train,10,96,32,3.0,13,10,123,32,50,64,400,5,walk,cora
train,11,80,32,2.5,5,16,123,32,50,64,400,5,walk,cora
train,12,94,32,2.9375,17,6,123,32,50,64,400,5,walk,cora
train,13,90,32,2.8125,18,18,123,32,50,64,400,5,walk,cora
train,14,82,32,2.5625,6,11,123,32,50,64,400,5,walk,cora
train,15,128,32,4.0,42,8,123,32,50,64,400,5,walk,cora
train,16,82,32,2.5625,9,8,123,32,50,64,400,5,walk,cora
train,17,78,32,2.4375,7,14,123,32,50,64,400,5,walk,cora
train,18,78,32,2.4375,8,17,123,32,50,64,400,5,walk,cora
train,19,70,32,2.1875,6,19,123,32,50,64,400,5,walk,cora
train,20,102,32,3.1875,15,8,123,32,50,64,400,5,walk,cora
train,21,94,32,2.9375,15,8,123,32,50,64,400,5,walk,cora
train,22,96,32,3.0,14,11,123,32,50,64,400,5,walk,cora
train,23,76,32,2.375,6,20,123,32,50,64,400,5,walk,cora
train,24,78,32,2.4375,6,17,123,32,50,64,400,5,walk,cora
train,25,96,32,3.0,21,8,123,32,50,64,400,5,walk,cora
train,26,88,32,2.75,10,12,123,32,50,64,400,5,walk,cora
train,27,96,32,3.0,14,7,123,32,50,64,400,5,walk,cora
train,28,112,32,3.5,19,6,123,32,50,64,400,5,walk,cora
train,29,118,32,3.6875,17,7,123,32,50,64,400,5,walk,cora
train,30,88,32,2.75,15,8,123,32,50,64,400,5,walk,cora
train,31,86,32,2.6875,6,7,123,32,50,64,400,5,walk,cora
train,32,110,32,3.4375,21,11,123,32,50,64,400,5,walk,cora
train,33,102,32,3.1875,17,6,123,32,50,64,400,5,walk,cora
train,34,90,32,2.8125,4,7,123,32,50,64,400,5,walk,cora
train,35,76,32,2.375,6,12,123,32,50,64,400,5,walk,cora
train,36,130,32,4.0625,31,7,123,32,50,64,400,5,walk,cora
train,37,100,32,3.125,11,7,123,32,50,64,400,5,walk,cora
train,38,86,32,2.6875,9,7,123,32,50,64,400,5,walk,cora
train,39,84,32,2.625,10,15,123,32,50,64,400,5,walk,cora
train,40,88,32,2.75,14,11,123,32,50,64,400,5,walk,cora
train,41,76,32,2.375,4,10,123,32,50,64,400,5,walk,cora
train,42,78,32,2.4375,11,9,123,32,50,64,400,5,walk,cora
train,43,92,32,2.875,9,9,123,32,50,64,400,5,walk,cora
train,44,146,32,4.5625,55,4,123,32,50,64,400,5,walk,cora
train,45,112,32,3.5,36,14,123,32,50,64,400,5,walk,cora
train,46,102,32,3.1875,21,9,123,32,50,64,400,5,walk,cora
train,47,78,32,2.4375,6,22,123,32,50,64,400,5,walk,cora
train,48,80,32,2.5,9,12,123,32,50,64,400,5,walk,cora
train,49,92,32,2.875,16,11,123,32,50,64,400,5,walk,cora
pred,0,118,32,3.6875,10,7,123,32,50,64,400,5,walk,cora
pred,1,133,32,4.15625,22,7,123,32,50,64,400,5,walk,cora
pred,2,125,32,3.90625,20,6,123,32,50,64,400,5,walk,cora
pred,3,144,32,4.5,30,5,123,32,50,64,400,5,walk,cora
pred,4,289,32,9.03125,148,3,123,32,50,64,400,5,walk,cora
pred,5,264,32,8.25,107,4,123,32,50,64,400,5,walk,cora
pred,6,148,32,4.625,31,6,123,32,50,64,400,5,walk,cora
pred,7,237,32,7.40625,87,4,123,32,50,64,400,5,walk,cora
pred,8,175,32,5.46875,40,5,123,32,50,64,400,5,walk,cora
pred,9,104,32,3.25,10,7,123,32,50,64,400,5,walk,cora
pred,10,201,32,6.28125,57,4,123,32,50,64,400,5,walk,cora
pred,11,262,32,8.1875,120,4,123,32,50,64,400,5,walk,cora
pred,12,233,32,7.28125,105,5,123,32,50,64,400,5,walk,cora
pred,13,200,32,6.25,54,5,123,32,50,64,400,5,walk,cora
pred,14,231,32,7.21875,82,4,123,32,50,64,400,5,walk,cora
pred,15,92,32,2.875,9,10,123,32,50,64,400,5,walk,cora
pred,16,216,32,6.75,75,4,123,32,50,64,400,5,walk,cora
pred,17,203,32,6.34375,72,4,123,32,50,64,400,5,walk,cora
pred,18,232,32,7.25,73,4,123,32,50,64,400,5,walk,cora
pred,19,226,32,7.0625,86,4,123,32,50,64,400,5,walk,cora
pred,20,149,32,4.65625,26,5,123,32,50,64,400,5,walk,cora
pred,21,42,32,1.3125,2,6,123,32,50,64,400,5,walk,cora
pred,22,143,32,4.46875,27,6,123,32,50,64,400,5,walk,cora
pred,23,219,32,6.84375,74,5,123,32,50,64,400,5,walk,cora
pred,24,133,32,4.15625,19,6,123,32,50,64,400,5,walk,cora
pred,25,103,32,3.21875,14,10,123,32,50,64,400,5,walk,cora
pred,26,50,32,1.5625,1,11,123,32,50,64,400,5,walk,cora
pred,27,247,32,7.71875,94,4,123,32,50,64,400,5,walk,cora
pred,28,118,32,3.6875,15,7,123,32,50,64,400,5,walk,cora
pred,29,159,32,4.96875,26,5,123,32,50,64,400,5,walk,cora
pred,30,116,32,3.625,11,5,123,32,50,64,400,5,walk,cora
pred,31,265,32,8.28125,114,3,123,32,50,64,400,5,walk,cora
pred,32,284,32,8.875,148,4,123,32,50,64,400,5,walk,cora
pred,33,176,32,5.5,33,4,123,32,50,64,400,5,walk,cora
pred,34,79,32,2.46875,5,10,123,32,50,64,400,5,walk,cora
pred,35,169,32,5.28125,40,5,123,32,50,64,400,5,walk,cora
pred,36,58,32,1.8125,0,7,123,32,50,64,400,5,walk,cora
pred,37,230,32,7.1875,74,4,123,32,50,64,400,5,walk,cora
pred,38,136,32,4.25,16,6,123,32,50,64,400,5,walk,cora
pred,39,168,32,5.25,31,5,123,32,50,64,400,5,walk,cora
pred,40,131,32,4.09375,29,6,123,32,50,64,400,5,walk,cora
pred,41,246,32,7.6875,100,4,123,32,50,64,400,5,walk,cora
pred,42,212,32,6.625,64,4,123,32,50,64,400,5,walk,cora
pred,43,110,32,3.4375,9,8,123,32,50,64,400,5,walk,cora
pred,44,100,32,3.125,15,9,123,32,50,64,400,5,walk,cora
pred,45,138,32,4.3125,31,6,123,32,50,64,400,5,walk,cora
pred,46,106,32,3.3125,13,5,123,32,50,64,400,5,walk,cora
pred,47,316,32,9.875,183,4,123,32,50,64,400,5,walk,cora
pred,48,158,32,4.9375,30,5,123,32,50,64,400,5,walk,cora
pred,49,208,32,6.5,58,4,123,32,50,64,400,5,walk,cora
train,0,30,16,1.875,2,5,123,16,50,64,600,5,walk,cora
train,1,34,16,2.125,1,10,123,16,50,64,600,5,walk,cora
train,2,40,16,2.5,2,5,123,16,50,64,600,5,walk,cora
train,3,36,16,2.25,3,11,123,16,50,64,600,5,walk,cora
train,4,40,16,2.5,3,7,123,16,50,64,600,5,walk,cora
train,5,38,16,2.375,4,8,123,16,50,64,600,5,walk,cora
train,6,54,16,3.375,15,6,123,16,50,64,600,5,walk,cora
train,7,44,16,2.75,7,7,123,16,50,64,600,5,walk,cora
train,8,34,16,2.125,1,7,123,16,50,64,600,5,walk,cora
train,9,34,16,2.125,2,10,123,16,50,64,600,5,walk,cora
train,10,38,16,2.375,4,9,123,16,50,64,600,5,walk,cora
train,11,32,16,2.0,0,12,123,16,50,64,600,5,walk,cora
train,12,40,16,2.5,6,5,123,16,50,64,600,5,walk,cora
train,13,30,16,1.875,0,9,123,16,50,64,600,5,walk,cora
train,14,34,16,2.125,1,11,123,16,50,64,600,5,walk,cora
train,15,44,16,2.75,6,5,123,16,50,64,600,5,walk,cora
train,16,44,16,2.75,7,7,123,16,50,64,600,5,walk,cora
train,17,44,16,2.75,4,6,123,16,50,64,600,5,walk,cora
train,18,34,16,2.125,3,7,123,16,50,64,600,5,walk,cora
train,19,42,16,2.625,6,9,123,16,50,64,600,5,walk,cora
train,20,46,16,2.875,9,7,123,16,50,64,600,5,walk,cora
train,21,34,16,2.125,2,9,123,16,50,64,600,5,walk,cora
train,22,36,16,2.25,1,5,123,16,50,64,600,5,walk,cora
train,23,32,16,2.0,0,8,123,16,50,64,600,5,walk,cora
train,24,48,16,3.0,8,8,123,16,50,64,600,5,walk,cora
train,25,40,16,2.5,2,8,123,16,50,64,600,5,walk,cora
train,26,46,16,2.875,9,4,123,16,50,64,600,5,walk,cora
train,27,38,16,2.375,3,8,123,16,50,64,600,5,walk,cora
train,28,42,16,2.625,5,7,123,16,50,64,600,5,walk,cora
train,29,64,16,4.0,22,4,123,16,50,64,600,5,walk,cora
train,30,36,16,2.25,2,9,123,16,50,64,600,5,walk,cora
train,31,42,16,2.625,6,8,123,16,50,64,600,5,walk,cora
train,32,50,16,3.125,13,7,123,16,50,64,600,5,walk,cora
train,33,34,16,2.125,1,7,123,16,50,64,600,5,walk,cora
train,34,34,16,2.125,2,7,123,16,50,64,600,5,walk,cora
train,35,40,16,2.5,5,4,123,16,50,64,600,5,walk,cora
train,36,50,16,3.125,18,4,123,16,50,64,600,5,walk,cora
train,37,40,16,2.5,5,6,123,16,50,64,600,5,walk,cora
train,38,38,16,2.375,7,5,123,16,50,64,600,5,walk,cora
train,39,40,16,2.5,4,7,123,16,50,64,600,5,walk,cora
train,40,48,16,3.0,7,5,123,16,50,64,600,5,walk,cora
train,41,54,16,3.375,12,4,123,16,50,64,600,5,walk,cora
train,42,32,16,2.0,2,8,123,16,50,64,600,5,walk,cora
train,43,30,16,1.875,0,7,123,16,50,64,600,5,walk,cora
train,44,34,16,2.125,2,9,123,16,50,64,600,5,walk,cora
train,45,42,16,2.625,5,4,123,16,50,64,600,5,walk,cora
train,46,34,16,2.125,2,8,123,16,50,64,600,5,walk,cora
train,47,42,16,2.625,7,7,123,16,50,64,600,5,walk,cora
train,48,38,16,2.375,5,11,123,16,50,64,600,5,walk,cora
train,49,38,16,2.375,1,8,123,16,50,64,600,5,walk,cora
pred,0,26,16,1.625,1,4,123,16,50,64,600,5,walk,cora
pred,1,24,16,1.5,0,6,123,16,50,64,600,5,walk,cora
pred,2,16,16,1.0,1,3,123,16,50,64,600,5,walk,cora
pred,3,25,16,1.5625,2,4,123,16,50,64,600,5,walk,cora
pred,4,22,16,1.375,1,3,123,16,50,64,600,5,walk,cora
pred,5,8,16,0.5,0,1,123,16,50,64,600,5,walk,cora
pred,6,24,16,1.5,2,5,123,16,50,64,600,5,walk,cora
pred,7,22,16,1.375,0,4,123,16,50,64,600,5,walk,cora
pred,8,15,16,0.9375,0,3,123,16,50,64,600,5,walk,cora
pred,9,20,16,1.25,0,3,123,16,50,64,600,5,walk,cora
pred,10,19,16,1.1875,0,3,123,16,50,64,600,5,walk,cora
pred,11,17,16,1.0625,0,4,123,16,50,64,600,5,walk,cora
pred,12,15,16,0.9375,0,5,123,16,50,64,600,5,walk,cora
pred,13,28,16,1.75,2,5,123,16,50,64,600,5,walk,cora
pred,14,12,16,0.75,0,2,123,16,50,64,600,5,walk,cora
pred,15,23,16,1.4375,0,6,123,16,50,64,600,5,walk,cora
pred,16,34,16,2.125,1,10,123,16,50,64,600,5,walk,cora
pred,17,25,16,1.5625,1,4,123,16,50,64,600,5,walk,cora
pred,18,19,16,1.1875,0,4,123,16,50,64,600,5,walk,cora
pred,19,20,16,1.25,0,3,123,16,50,64,600,5,walk,cora
pred,20,22,16,1.375,0,7,123,16,50,64,600,5,walk,cora
pred,21,21,16,1.3125,1,2,123,16,50,64,600,5,walk,cora
pred,22,32,16,2.0,2,9,123,16,50,64,600,5,walk,cora
pred,23,20,16,1.25,0,6,123,16,50,64,600,5,walk,cora
pred,24,23,16,1.4375,1,5,123,16,50,64,600,5,walk,cora
pred,25,18,16,1.125,0,4,123,16,50,64,600,5,walk,cora
pred,26,6,16,0.375,0,3,123,16,50,64,600,5,walk,cora
pred,27,26,16,1.625,1,5,123,16,50,64,600,5,walk,cora
pred,28,58,16,3.625,8,6,123,16,50,64,600,5,walk,cora
pred,29,29,16,1.8125,2,3,123,16,50,64,600,5,walk,cora
pred,30,28,16,1.75,1,5,123,16,50,64,600,5,walk,cora
pred,31,16,16,1.0,0,3,123,16,50,64,600,5,walk,cora
pred,32,20,16,1.25,1,4,123,16,50,64,600,5,walk,cora
pred,33,20,16,1.25,0,3,123,16,50,64,600,5,walk,cora
pred,34,13,16,0.8125,1,2,123,16,50,64,600,5,walk,cora
pred,35,21,16,1.3125,0,4,123,16,50,64,600,5,walk,cora
pred,36,34,16,2.125,3,6,123,16,50,64,600,5,walk,cora
pred,37,18,16,1.125,0,3,123,16,50,64,600,5,walk,cora
pred,38,16,16,1.0,0,4,123,16,50,64,600,5,walk,cora
pred,39,21,16,1.3125,0,4,123,16,50,64,600,5,walk,cora
pred,40,13,16,0.8125,0,2,123,16,50,64,600,5,walk,cora
pred,41,23,16,1.4375,1,4,123,16,50,64,600,5,walk,cora
pred,42,20,16,1.25,1,5,123,16,50,64,600,5,walk,cora
pred,43,30,16,1.875,2,5,123,16,50,64,600,5,walk,cora
pred,44,25,16,1.5625,1,6,123,16,50,64,600,5,walk,cora
pred,45,14,16,0.875,0,3,123,16,50,64,600,5,walk,cora
pred,46,11,16,0.6875,1,1,123,16,50,64,600,5,walk,cora
pred,47,38,16,2.375,2,6,123,16,50,64,600,5,walk,cora
pred,48,17,16,1.0625,0,3,123,16,50,64,600,5,walk,cora
pred,49,13,16,0.8125,0,3,123,16,50,64,600,5,walk,cora
train,0,82,32,2.5625,8,14,123,32,50,64,600,5,walk,cora
train,1,82,32,2.5625,11,17,123,32,50,64,600,5,walk,cora
train,2,108,32,3.375,26,4,123,32,50,64,600,5,walk,cora
train,3,100,32,3.125,17,11,123,32,50,64,600,5,walk,cora
train,4,82,32,2.5625,8,17,123,32,50,64,600,5,walk,cora
train,5,80,32,2.5,12,7,123,32,50,64,600,5,walk,cora
train,6,88,32,2.75,13,12,123,32,50,64,600,5,walk,cora
train,7,96,32,3.0,16,7,123,32,50,64,600,5,walk,cora
train,8,66,32,2.0625,2,11,123,32,50,64,600,5,walk,cora
train,9,102,32,3.1875,28,13,123,32,50,64,600,5,walk,cora
train,10,82,32,2.5625,6,9,123,32,50,64,600,5,walk,cora
train,11,82,32,2.5625,4,9,123,32,50,64,600,5,walk,cora
train,12,88,32,2.75,15,18,123,32,50,64,600,5,walk,cora
train,13,98,32,3.0625,14,8,123,32,50,64,600,5,walk,cora
train,14,80,32,2.5,9,14,123,32,50,64,600,5,walk,cora
train,15,94,32,2.9375,13,8,123,32,50,64,600,5,walk,cora
train,16,98,32,3.0625,18,12,123,32,50,64,600,5,walk,cora
train,17,92,32,2.875,11,9,123,32,50,64,600,5,walk,cora
train,18,100,32,3.125,18,6,123,32,50,64,600,5,walk,cora
train,19,90,32,2.8125,16,9,123,32,50,64,600,5,walk,cora
train,20,72,32,2.25,5,17,123,32,50,64,600,5,walk,cora
train,21,88,32,2.75,12,10,123,32,50,64,600,5,walk,cora
train,22,74,32,2.3125,6,20,123,32,50,64,600,5,walk,cora
train,23,66,32,2.0625,2,16,123,32,50,64,600,5,walk,cora
train,24,90,32,2.8125,10,7,123,32,50,64,600,5,walk,cora
train,25,70,32,2.1875,3,15,123,32,50,64,600,5,walk,cora
train,26,86,32,2.6875,6,9,123,32,50,64,600,5,walk,cora
train,27,106,32,3.3125,20,10,123,32,50,64,600,5,walk,cora
train,28,88,32,2.75,9,10,123,32,50,64,600,5,walk,cora
train,29,82,32,2.5625,7,13,123,32,50,64,600,5,walk,cora
train,30,92,32,2.875,8,11,123,32,50,64,600,5,walk,cora
train,31,94,32,2.9375,13,9,123,32,50,64,600,5,walk,cora
train,32,104,32,3.25,20,12,123,32,50,64,600,5,walk,cora
train,33,92,32,2.875,15,16,123,32,50,64,600,5,walk,cora
train,34,90,32,2.8125,12,11,123,32,50,64,600,5,walk,cora
train,35,80,32,2.5,6,10,123,32,50,64,600,5,walk,cora
train,36,106,32,3.3125,24,4,123,32,50,64,600,5,walk,cora
train,37,90,32,2.8125,15,13,123,32,50,64,600,5,walk,cora
train,38,68,32,2.125,1,14,123,32,50,64,600,5,walk,cora
train,39,96,32,3.0,25,14,123,32,50,64,600,5,walk,cora
train,40,82,32,2.5625,7,12,123,32,50,64,600,5,walk,cora
train,41,80,32,2.5,9,13,123,32,50,64,600,5,walk,cora
train,42,86,32,2.6875,6,13,123,32,50,64,600,5,walk,cora
train,43,98,32,3.0625,18,7,123,32,50,64,600,5,walk,cora
train,44,74,32,2.3125,5,20,123,32,50,64,600,5,walk,cora
train,45,96,32,3.0,19,6,123,32,50,64,600,5,walk,cora
train,46,88,32,2.75,20,18,123,32,50,64,600,5,walk,cora
train,47,74,32,2.3125,1,13,123,32,50,64,600,5,walk,cora
train,48,84,32,2.625,6,14,123,32,50,64,600,5,walk,cora
train,49,108,32,3.375,28,8,123,32,50,64,600,5,walk,cora
pred,0,270,32,8.4375,132,4,123,32,50,64,600,5,walk,cora
pred,1,22,32,0.6875,0,2,123,32,50,64,600,5,walk,cora
pred,2,228,32,7.125,118,6,123,32,50,64,600,5,walk,cora
pred,3,266,32,8.3125,123,4,123,32,50,64,600,5,walk,cora
pred,4,5,32,0.15625,0,1,123,32,50,64,600,5,walk,cora
pred,5,67,32,2.09375,6,8,123,32,50,64,600,5,walk,cora
pred,6,68,32,2.125,3,11,123,32,50,64,600,5,walk,cora
pred,7,92,32,2.875,7,8,123,32,50,64,600,5,walk,cora
pred,8,66,32,2.0625,4,7,123,32,50,64,600,5,walk,cora
pred,9,72,32,2.25,6,9,123,32,50,64,600,5,walk,cora
pred,10,209,32,6.53125,62,4,123,32,50,64,600,5,walk,cora
pred,11,57,32,1.78125,2,9,123,32,50,64,600,5,walk,cora
pred,12,42,32,1.3125,1,12,123,32,50,64,600,5,walk,cora
pred,13,26,32,0.8125,0,6,123,32,50,64,600,5,walk,cora
pred,14,203,32,6.34375,61,4,123,32,50,64,600,5,walk,cora
pred,15,78,32,2.4375,9,8,123,32,50,64,600,5,walk,cora
pred,16,57,32,1.78125,6,10,123,32,50,64,600,5,walk,cora
pred,17,39,32,1.21875,0,3,123,32,50,64,600,5,walk,cora
pred,18,64,32,2.0,0,9,123,32,50,64,600,5,walk,cora
pred,19,178,32,5.5625,61,4,123,32,50,64,600,5,walk,cora
pred,20,250,32,7.8125,100,4,123,32,50,64,600,5,walk,cora
pred,21,227,32,7.09375,84,4,123,32,50,64,600,5,walk,cora
pred,22,52,32,1.625,1,10,123,32,50,64,600,5,walk,cora
pred,23,14,32,0.4375,0,2,123,32,50,64,600,5,walk,cora
pred,24,19,32,0.59375,0,2,123,32,50,64,600,5,walk,cora
pred,25,125,32,3.90625,31,8,123,32,50,64,600,5,walk,cora
pred,26,84,32,2.625,9,16,123,32,50,64,600,5,walk,cora
pred,27,138,32,4.3125,20,5,123,32,50,64,600,5,walk,cora
pred,28,17,32,0.53125,0,3,123,32,50,64,600,5,walk,cora
pred,29,157,32,4.90625,39,6,123,32,50,64,600,5,walk,cora
pred,30,288,32,9.0,156,4,123,32,50,64,600,5,walk,cora
pred,31,275,32,8.59375,128,3,123,32,50,64,600,5,walk,cora
pred,32,242,32,7.5625,98,4,123,32,50,64,600,5,walk,cora
pred,33,31,32,0.96875,0,5,123,32,50,64,600,5,walk,cora
pred,34,156,32,4.875,31,5,123,32,50,64,600,5,walk,cora
pred,35,73,32,2.28125,6,5,123,32,50,64,600,5,walk,cora
pred,36,58,32,1.8125,0,15,123,32,50,64,600,5,walk,cora
pred,37,3,32,0.09375,0,1,123,32,50,64,600,5,walk,cora
pred,38,316,32,9.875,189,3,123,32,50,64,600,5,walk,cora
pred,39,14,32,0.4375,0,3,123,32,50,64,600,5,walk,cora
pred,40,118,32,3.6875,20,8,123,32,50,64,600,5,walk,cora
pred,41,101,32,3.15625,10,8,123,32,50,64,600,5,walk,cora
pred,42,12,32,0.375,0,2,123,32,50,64,600,5,walk,cora
pred,43,65,32,2.03125,2,18,123,32,50,64,600,5,walk,cora
pred,44,36,32,1.125,0,8,123,32,50,64,600,5,walk,cora
pred,45,195,32,6.09375,68,5,123,32,50,64,600,5,walk,cora
pred,46,201,32,6.28125,66,5,123,32,50,64,600,5,walk,cora
pred,47,4,32,0.125,0,1,123,32,50,64,600,5,walk,cora
pred,48,13,32,0.40625,0,2,123,32,50,64,600,5,walk,cora
pred,49,28,32,0.875,0,4,123,32,50,64,600,5,walk,cora
train,0,82,32,2.5625,7,14,123,32,50,64,400,5,walk,cora
train,1,70,32,2.1875,1,18,123,32,50,64,400,5,walk,cora
train,2,98,32,3.0625,13,7,123,32,50,64,400,5,walk,cora
train,3,104,32,3.25,15,11,123,32,50,64,400,5,walk,cora
train,4,88,32,2.75,10,12,123,32,50,64,400,5,walk,cora
train,5,96,32,3.0,10,7,123,32,50,64,400,5,walk,cora
train,6,92,32,2.875,12,10,123,32,50,64,400,5,walk,cora
train,7,94,32,2.9375,13,10,123,32,50,64,400,5,walk,cora
train,8,78,32,2.4375,5,10,123,32,50,64,400,5,walk,cora
train,9,82,32,2.5625,5,13,123,32,50,64,400,5,walk,cora
train,10,82,32,2.5625,6,9,123,32,50,64,400,5,walk,cora
train,11,94,32,2.9375,18,5,123,32,50,64,400,5,walk,cora
train,12,94,32,2.9375,13,14,123,32,50,64,400,5,walk,cora
train,13,94,32,2.9375,10,12,123,32,50,64,400,5,walk,cora
train,14,92,32,2.875,11,8,123,32,50,64,400,5,walk,cora
train,15,78,32,2.4375,5,7,123,32,50,64,400,5,walk,cora
train,16,84,32,2.625,9,14,123,32,50,64,400,5,walk,cora
train,17,104,32,3.25,24,9,123,32,50,64,400,5,walk,cora
train,18,80,32,2.5,9,12,123,32,50,64,400,5,walk,cora
train,19,88,32,2.75,7,10,123,32,50,64,400,5,walk,cora
train,20,74,32,2.3125,6,11,123,32,50,64,400,5,walk,cora
train,21,74,32,2.3125,7,18,123,32,50,64,400,5,walk,cora
train,22,80,32,2.5,8,13,123,32,50,64,400,5,walk,cora
train,23,84,32,2.625,7,10,123,32,50,64,400,5,walk,cora
train,24,86,32,2.6875,6,9,123,32,50,64,400,5,walk,cora
train,25,92,32,2.875,16,7,123,32,50,64,400,5,walk,cora
train,26,78,32,2.4375,6,17,123,32,50,64,400,5,walk,cora
train,27,82,32,2.5625,7,11,123,32,50,64,400,5,walk,cora
train,28,82,32,2.5625,8,15,123,32,50,64,400,5,walk,cora
train,29,82,32,2.5625,6,12,123,32,50,64,400,5,walk,cora
train,30,84,32,2.625,9,15,123,32,50,64,400,5,walk,cora
train,31,94,32,2.9375,11,10,123,32,50,64,400,5,walk,cora
train,32,116,32,3.625,36,10,123,32,50,64,400,5,walk,cora
train,33,104,32,3.25,19,7,123,32,50,64,400,5,walk,cora
train,34,74,32,2.3125,7,10,123,32,50,64,400,5,walk,cora
train,35,98,32,3.0625,19,8,123,32,50,64,400,5,walk,cora
train,36,84,32,2.625,5,10,123,32,50,64,400,5,walk,cora
train,37,86,32,2.6875,16,18,123,32,50,64,400,5,walk,cora
train,38,84,32,2.625,8,15,123,32,50,64,400,5,walk,cora
train,39,88,32,2.75,15,11,123,32,50,64,400,5,walk,cora
train,40,112,32,3.5,30,7,123,32,50,64,400,5,walk,cora
train,41,76,32,2.375,7,15,123,32,50,64,400,5,walk,cora
train,42,84,32,2.625,7,8,123,32,50,64,400,5,walk,cora
train,43,104,32,3.25,20,11,123,32,50,64,400,5,walk,cora
train,44,90,32,2.8125,9,10,123,32,50,64,400,5,walk,cora
train,45,88,32,2.75,13,14,123,32,50,64,400,5,walk,cora
train,46,76,32,2.375,5,10,123,32,50,64,400,5,walk,cora
train,47,80,32,2.5,7,11,123,32,50,64,400,5,walk,cora
train,48,78,32,2.4375,6,11,123,32,50,64,400,5,walk,cora
train,49,90,32,2.8125,8,9,123,32,50,64,400,5,walk,cora
pred,0,258,32,8.0625,117,4,123,32,50,64,400,5,walk,cora
pred,1,262,32,8.1875,118,3,123,32,50,64,400,5,walk,cora
pred,2,317,32,9.90625,200,3,123,32,50,64,400,5,walk,cora
pred,3,237,32,7.40625,89,5,123,32,50,64,400,5,walk,cora
pred,4,190,32,5.9375,61,5,123,32,50,64,400,5,walk,cora
pred,5,243,32,7.59375,112,4,123,32,50,64,400,5,walk,cora
pred,6,307,32,9.59375,187,4,123,32,50,64,400,5,walk,cora
pred,7,291,32,9.09375,149,3,123,32,50,64,400,5,walk,cora
pred,8,158,32,4.9375,31,5,123,32,50,64,400,5,walk,cora
pred,9,185,32,5.78125,45,5,123,32,50,64,400,5,walk,cora
pred,10,288,32,9.0,161,4,123,32,50,64,400,5,walk,cora
pred,11,259,32,8.09375,122,3,123,32,50,64,400,5,walk,cora
pred,12,155,32,4.84375,25,7,123,32,50,64,400,5,walk,cora
pred,13,196,32,6.125,52,4,123,32,50,64,400,5,walk,cora
pred,14,363,32,11.34375,267,4,123,32,50,64,400,5,walk,cora
pred,15,207,32,6.46875,63,4,123,32,50,64,400,5,walk,cora
pred,16,199,32,6.21875,55,4,123,32,50,64,400,5,walk,cora
pred,17,152,32,4.75,37,6,123,32,50,64,400,5,walk,cora
pred,18,266,32,8.3125,158,5,123,32,50,64,400,5,walk,cora
pred,19,196,32,6.125,58,5,123,32,50,64,400,5,walk,cora
pred,20,244,32,7.625,96,4,123,32,50,64,400,5,walk,cora
pred,21,186,32,5.8125,49,5,123,32,50,64,400,5,walk,cora
pred,22,201,32,6.28125,73,4,123,32,50,64,400,5,walk,cora
pred,23,236,32,7.375,98,4,123,32,50,64,400,5,walk,cora
pred,24,208,32,6.5,71,4,123,32,50,64,400,5,walk,cora
pred,25,164,32,5.125,21,5,123,32,50,64,400,5,walk,cora
pred,26,203,32,6.34375,62,5,123,32,50,64,400,5,walk,cora
pred,27,298,32,9.3125,162,3,123,32,50,64,400,5,walk,cora
pred,28,173,32,5.40625,49,7,123,32,50,64,400,5,walk,cora
pred,29,244,32,7.625,88,4,123,32,50,64,400,5,walk,cora
pred,30,199,32,6.21875,67,5,123,32,50,64,400,5,walk,cora
pred,31,210,32,6.5625,58,4,123,32,50,64,400,5,walk,cora
pred,32,178,32,5.5625,44,4,123,32,50,64,400,5,walk,cora
pred,33,168,32,5.25,40,5,123,32,50,64,400,5,walk,cora
pred,34,226,32,7.0625,85,5,123,32,50,64,400,5,walk,cora
pred,35,241,32,7.53125,108,4,123,32,50,64,400,5,walk,cora
pred,36,257,32,8.03125,110,4,123,32,50,64,400,5,walk,cora
pred,37,272,32,8.5,127,4,123,32,50,64,400,5,walk,cora
pred,38,219,32,6.84375,67,4,123,32,50,64,400,5,walk,cora
pred,39,175,32,5.46875,42,5,123,32,50,64,400,5,walk,cora
pred,40,187,32,5.84375,53,6,123,32,50,64,400,5,walk,cora
pred,41,66,32,2.0625,4,14,123,32,50,64,400,5,walk,cora
pred,42,177,32,5.53125,39,5,123,32,50,64,400,5,walk,cora
pred,43,114,32,3.5625,16,7,123,32,50,64,400,5,walk,cora
pred,44,157,32,4.90625,39,5,123,32,50,64,400,5,walk,cora
pred,45,142,32,4.4375,29,5,123,32,50,64,400,5,walk,cora
pred,46,302,32,9.4375,157,3,123,32,50,64,400,5,walk,cora
pred,47,259,32,8.09375,125,4,123,32,50,64,400,5,walk,cora
pred,48,248,32,7.75,105,4,123,32,50,64,400,5,walk,cora
pred,49,164,32,5.125,40,6,123,32,50,64,400,5,walk,cora
train,0,124,32,3.875,44,6,123,32,50,64,600,5,walk,cora
train,1,82,32,2.5625,9,11,123,32,50,64,600,5,walk,cora
train,2,82,32,2.5625,6,15,123,32,50,64,600,5,walk,cora
train,3,108,32,3.375,20,10,123,32,50,64,600,5,walk,cora
train,4,80,32,2.5,9,16,123,32,50,64,600,5,walk,cora
train,5,88,32,2.75,7,11,123,32,50,64,600,5,walk,cora
train,6,88,32,2.75,13,14,123,32,50,64,600,5,walk,cora
train,7,78,32,2.4375,6,11,123,32,50,64,600,5,walk,cora
train,8,76,32,2.375,2,18,123,32,50,64,600,5,walk,cora
train,9,90,32,2.8125,10,8,123,32,50,64,600,5,walk,cora
train,10,106,32,3.3125,18,6,123,32,50,64,600,5,walk,cora
train,11,66,32,2.0625,2,21,123,32,50,64,600,5,walk,cora
train,12,92,32,2.875,12,8,123,32,50,64,600,5,walk,cora
train,13,78,32,2.4375,3,11,123,32,50,64,600,5,walk,cora
train,14,84,32,2.625,7,14,123,32,50,64,600,5,walk,cora
train,15,88,32,2.75,11,12,123,32,50,64,600,5,walk,cora
train,16,88,32,2.75,10,14,123,32,50,64,600,5,walk,cora
train,17,102,32,3.1875,17,5,123,32,50,64,600,5,walk,cora
train,18,90,32,2.8125,9,8,123,32,50,64,600,5,walk,cora
train,19,88,32,2.75,12,10,123,32,50,64,600,5,walk,cora
train,20,92,32,2.875,11,8,123,32,50,64,600,5,walk,cora
train,21,90,32,2.8125,7,11,123,32,50,64,600,5,walk,cora
train,22,86,32,2.6875,9,13,123,32,50,64,600,5,walk,cora
train,23,88,32,2.75,7,13,123,32,50,64,600,5,walk,cora
train,24,80,32,2.5,7,12,123,32,50,64,600,5,walk,cora
train,25,78,32,2.4375,5,18,123,32,50,64,600,5,walk,cora
train,26,82,32,2.5625,10,12,123,32,50,64,600,5,walk,cora
train,27,104,32,3.25,17,11,123,32,50,64,600,5,walk,cora
train,28,90,32,2.8125,9,7,123,32,50,64,600,5,walk,cora
train,29,92,32,2.875,9,9,123,32,50,64,600,5,walk,cora
train,30,86,32,2.6875,10,10,123,32,50,64,600,5,walk,cora
train,31,82,32,2.5625,10,15,123,32,50,64,600,5,walk,cora
train,32,108,32,3.375,30,7,123,32,50,64,600,5,walk,cora
train,33,96,32,3.0,12,10,123,32,50,64,600,5,walk,cora
train,34,108,32,3.375,19,6,123,32,50,64,600,5,walk,cora
train,35,102,32,3.1875,20,9,123,32,50,64,600,5,walk,cora
train,36,86,32,2.6875,13,13,123,32,50,64,600,5,walk,cora
train,37,78,32,2.4375,3,12,123,32,50,64,600,5,walk,cora
train,38,90,32,2.8125,10,8,123,32,50,64,600,5,walk,cora
train,39,82,32,2.5625,8,13,123,32,50,64,600,5,walk,cora
train,40,92,32,2.875,14,12,123,32,50,64,600,5,walk,cora
train,41,86,32,2.6875,9,11,123,32,50,64,600,5,walk,cora
train,42,94,32,2.9375,15,5,123,32,50,64,600,5,walk,cora
train,43,96,32,3.0,23,9,123,32,50,64,600,5,walk,cora
train,44,80,32,2.5,6,15,123,32,50,64,600,5,walk,cora
train,45,84,32,2.625,2,15,123,32,50,64,600,5,walk,cora
train,46,86,32,2.6875,15,13,123,32,50,64,600,5,walk,cora
train,47,88,32,2.75,7,6,123,32,50,64,600,5,walk,cora
train,48,76,32,2.375,8,13,123,32,50,64,600,5,walk,cora
train,49,90,32,2.8125,10,8,123,32,50,64,600,5,walk,cora
pred,0,2,32,0.0625,0,1,123,32,50,64,600,5,walk,cora
pred,1,10,32,0.3125,0,2,123,32,50,64,600,5,walk,cora
pred,2,1,32,0.03125,0,0,123,32,50,64,600,5,walk,cora
pred,3,9,32,0.28125,0,1,123,32,50,64,600,5,walk,cora
pred,4,0,32,0.0,0,0,123,32,50,64,600,5,walk,cora
pred,5,77,32,2.40625,3,10,123,32,50,64,600,5,walk,cora
pred,6,60,32,1.875,7,6,123,32,50,64,600,5,walk,cora
pred,7,6,32,0.1875,0,2,123,32,50,64,600,5,walk,cora
pred,8,0,32,0.0,0,0,123,32,50,64,600,5,walk,cora
pred,9,6,32,0.1875,0,1,123,32,50,64,600,5,walk,cora
pred,10,0,32,0.0,0,0,123,32,50,64,600,5,walk,cora
pred,11,2,32,0.0625,0,1,123,32,50,64,600,5,walk,cora
pred,12,4,32,0.125,0,2,123,32,50,64,600,5,walk,cora
pred,13,6,32,0.1875,0,1,123,32,50,64,600,5,walk,cora
pred,14,110,32,3.4375,13,9,123,32,50,64,600,5,walk,cora
pred,15,0,32,0.0,0,0,123,32,50,64,600,5,walk,cora
pred,16,5,32,0.15625,0,1,123,32,50,64,600,5,walk,cora
pred,17,2,32,0.0625,0,1,123,32,50,64,600,5,walk,cora
pred,18,28,32,0.875,0,4,123,32,50,64,600,5,walk,cora
pred,19,0,32,0.0,0,0,123,32,50,64,600,5,walk,cora
pred,20,7,32,0.21875,0,1,123,32,50,64,600,5,walk,cora
pred,21,130,32,4.0625,18,6,123,32,50,64,600,5,walk,cora
pred,22,2,32,0.0625,0,1,123,32,50,64,600,5,walk,cora
pred,23,24,32,0.75,0,4,123,32,50,64,600,5,walk,cora
pred,24,15,32,0.46875,0,2,123,32,50,64,600,5,walk,cora
pred,25,0,32,0.0,0,0,123,32,50,64,600,5,walk,cora
pred,26,106,32,3.3125,17,8,123,32,50,64,600,5,walk,cora
pred,27,1,32,0.03125,0,0,123,32,50,64,600,5,walk,cora
pred,28,1,32,0.03125,0,0,123,32,50,64,600,5,walk,cora
pred,29,42,32,1.3125,2,7,123,32,50,64,600,5,walk,cora
pred,30,16,32,0.5,0,2,123,32,50,64,600,5,walk,cora
pred,31,82,32,2.5625,6,14,123,32,50,64,600,5,walk,cora
pred,32,8,32,0.25,0,2,123,32,50,64,600,5,walk,cora
pred,33,36,32,1.125,1,6,123,32,50,64,600,5,walk,cora
pred,34,2,32,0.0625,0,1,123,32,50,64,600,5,walk,cora
pred,35,0,32,0.0,0,0,123,32,50,64,600,5,walk,cora
pred,36,0,32,0.0,0,0,123,32,50,64,600,5,walk,cora
pred,37,8,32,0.25,0,2,123,32,50,64,600,5,walk,cora
pred,38,8,32,0.25,0,1,123,32,50,64,600,5,walk,cora
pred,39,24,32,0.75,0,2,123,32,50,64,600,5,walk,cora
pred,40,121,32,3.78125,14,6,123,32,50,64,600,5,walk,cora
pred,41,0,32,0.0,0,0,123,32,50,64,600,5,walk,cora
pred,42,12,32,0.375,0,2,123,32,50,64,600,5,walk,cora
pred,43,0,32,0.0,0,0,123,32,50,64,600,5,walk,cora
pred,44,0,32,0.0,0,0,123,32,50,64,600,5,walk,cora
pred,45,9,32,0.28125,0,3,123,32,50,64,600,5,walk,cora
pred,46,39,32,1.21875,0,9,123,32,50,64,600,5,walk,cora
pred,47,0,32,0.0,0,0,123,32,50,64,600,5,walk,cora
pred,48,53,32,1.65625,2,7,123,32,50,64,600,5,walk,cora
pred,49,27,32,0.84375,1,2,123,32,50,64,600,5,walk,cora
train,0,96,32,3.0,22,8,123,32,50,64,200,5,walk,cora
train,1,72,32,2.25,2,13,123,32,50,64,200,5,walk,cora
train,2,86,32,2.6875,10,11,123,32,50,64,200,5,walk,cora
train,3,86,32,2.6875,5,12,123,32,50,64,200,5,walk,cora
train,4,70,32,2.1875,2,11,123,32,50,64,200,5,walk,cora
train,5,76,32,2.375,5,20,123,32,50,64,200,5,walk,cora
train,6,108,32,3.375,19,8,123,32,50,64,200,5,walk,cora
train,7,98,32,3.0625,8,9,123,32,50,64,200,5,walk,cora
train,8,98,32,3.0625,13,13,123,32,50,64,200,5,walk,cora
train,9,110,32,3.4375,25,6,123,32,50,64,200,5,walk,cora
train,10,70,32,2.1875,3,20,123,32,50,64,200,5,walk,cora
train,11,88,32,2.75,10,8,123,32,50,64,200,5,walk,cora
train,12,88,32,2.75,11,18,123,32,50,64,200,5,walk,cora
train,13,110,32,3.4375,18,8,123,32,50,64,200,5,walk,cora
train,14,90,32,2.8125,13,8,123,32,50,64,200,5,walk,cora
train,15,100,32,3.125,10,8,123,32,50,64,200,5,walk,cora
train,16,92,32,2.875,9,10,123,32,50,64,200,5,walk,cora
train,17,94,32,2.9375,12,13,123,32,50,64,200,5,walk,cora
train,18,90,32,2.8125,13,13,123,32,50,64,200,5,walk,cora
train,19,96,32,3.0,15,8,123,32,50,64,200,5,walk,cora
train,20,74,32,2.3125,6,20,123,32,50,64,200,5,walk,cora
train,21,94,32,2.9375,10,12,123,32,50,64,200,5,walk,cora
train,22,100,32,3.125,14,11,123,32,50,64,200,5,walk,cora
train,23,72,32,2.25,5,22,123,32,50,64,200,5,walk,cora
train,24,78,32,2.4375,8,16,123,32,50,64,200,5,walk,cora
train,25,104,32,3.25,21,7,123,32,50,64,200,5,walk,cora
train,26,106,32,3.3125,20,7,123,32,50,64,200,5,walk,cora
train,27,114,32,3.5625,22,6,123,32,50,64,200,5,walk,cora
train,28,78,32,2.4375,6,12,123,32,50,64,200,5,walk,cora
train,29,106,32,3.3125,25,8,123,32,50,64,200,5,walk,cora
train,30,82,32,2.5625,9,11,123,32,50,64,200,5,walk,cora
train,31,74,32,2.3125,4,14,123,32,50,64,200,5,walk,cora
train,32,82,32,2.5625,6,12,123,32,50,64,200,5,walk,cora
train,33,88,32,2.75,13,13,123,32,50,64,200,5,walk,cora
train,34,90,32,2.8125,15,12,123,32,50,64,200,5,walk,cora
train,35,102,32,3.1875,12,6,123,32,50,64,200,5,walk,cora
train,36,92,32,2.875,12,9,123,32,50,64,200,5,walk,cora
train,37,78,32,2.4375,7,14,123,32,50,64,200,5,walk,cora
train,38,86,32,2.6875,12,9,123,32,50,64,200,5,walk,cora
train,39,72,32,2.25,6,13,123,32,50,64,200,5,walk,cora
train,40,84,32,2.625,9,15,123,32,50,64,200,5,walk,cora
train,41,114,32,3.5625,20,6,123,32,50,64,200,5,walk,cora
train,42,84,32,2.625,11,17,123,32,50,64,200,5,walk,cora
train,43,94,32,2.9375,13,9,123,32,50,64,200,5,walk,cora
train,44,84,32,2.625,7,8,123,32,50,64,200,5,walk,cora
train,45,84,32,2.625,13,10,123,32,50,64,200,5,walk,cora
train,46,86,32,2.6875,11,16,123,32,50,64,200,5,walk,cora
train,47,80,32,2.5,7,10,123,32,50,64,200,5,walk,cora
train,48,72,32,2.25,4,19,123,32,50,64,200,5,walk,cora
train,49,86,32,2.6875,10,10,123,32,50,64,200,5,walk,cora
pred,0,295,32,9.21875,157,3,123,32,50,64,200,5,walk,cora
pred,1,283,32,8.84375,135,3,123,32,50,64,200,5,walk,cora
pred,2,266,32,8.3125,132,4,123,32,50,64,200,5,walk,cora
pred,3,245,32,7.65625,96,4,123,32,50,64,200,5,walk,cora
pred,4,191,32,5.96875,46,5,123,32,50,64,200,5,walk,cora
pred,5,211,32,6.59375,55,4,123,32,50,64,200,5,walk,cora
pred,6,266,32,8.3125,100,3,123,32,50,64,200,5,walk,cora
pred,7,227,32,7.09375,76,4,123,32,50,64,200,5,walk,cora
pred,8,235,32,7.34375,88,3,123,32,50,64,200,5,walk,cora
pred,9,206,32,6.4375,67,4,123,32,50,64,200,5,walk,cora
pred,10,237,32,7.40625,86,5,123,32,50,64,200,5,walk,cora
pred,11,281,32,8.78125,163,4,123,32,50,64,200,5,walk,cora
pred,12,192,32,6.0,55,4,123,32,50,64,200,5,walk,cora
pred,13,271,32,8.46875,132,4,123,32,50,64,200,5,walk,cora
pred,14,237,32,7.40625,87,4,123,32,50,64,200,5,walk,cora
pred,15,270,32,8.4375,128,4,123,32,50,64,200,5,walk,cora
pred,16,259,32,8.09375,104,4,123,32,50,64,200,5,walk,cora
pred,17,210,32,6.5625,54,4,123,32,50,64,200,5,walk,cora
pred,18,281,32,8.78125,127,4,123,32,50,64,200,5,walk,cora
pred,19,221,32,6.90625,71,4,123,32,50,64,200,5,walk,cora
pred,20,226,32,7.0625,79,4,123,32,50,64,200,5,walk,cora
pred,21,252,32,7.875,101,4,123,32,50,64,200,5,walk,cora
pred,22,249,32,7.78125,102,4,123,32,50,64,200,5,walk,cora
pred,23,307,32,9.59375,190,4,123,32,50,64,200,5,walk,cora
pred,24,246,32,7.6875,103,5,123,32,50,64,200,5,walk,cora
pred,25,202,32,6.3125,56,4,123,32,50,64,200,5,walk,cora
pred,26,219,32,6.84375,76,4,123,32,50,64,200,5,walk,cora
pred,27,247,32,7.71875,95,4,123,32,50,64,200,5,walk,cora
pred,28,200,32,6.25,69,5,123,32,50,64,200,5,walk,cora
pred,29,268,32,8.375,119,4,123,32,50,64,200,5,walk,cora
pred,30,303,32,9.46875,176,4,123,32,50,64,200,5,walk,cora
pred,31,261,32,8.15625,120,4,123,32,50,64,200,5,walk,cora
pred,32,235,32,7.34375,106,4,123,32,50,64,200,5,walk,cora
pred,33,270,32,8.4375,129,4,123,32,50,64,200,5,walk,cora
pred,34,275,32,8.59375,135,4,123,32,50,64,200,5,walk,cora
pred,35,222,32,6.9375,76,5,123,32,50,64,200,5,walk,cora
pred,36,250,32,7.8125,90,4,123,32,50,64,200,5,walk,cora
pred,37,248,32,7.75,87,4,123,32,50,64,200,5,walk,cora
pred,38,172,32,5.375,41,5,123,32,50,64,200,5,walk,cora
pred,39,203,32,6.34375,59,4,123,32,50,64,200,5,walk,cora
pred,40,277,32,8.65625,137,4,123,32,50,64,200,5,walk,cora
pred,41,205,32,6.40625,68,5,123,32,50,64,200,5,walk,cora
pred,42,225,32,7.03125,69,4,123,32,50,64,200,5,walk,cora
pred,43,138,32,4.3125,21,6,123,32,50,64,200,5,walk,cora
pred,44,302,32,9.4375,142,3,123,32,50,64,200,5,walk,cora
pred,45,187,32,5.84375,44,5,123,32,50,64,200,5,walk,cora
pred,46,166,32,5.1875,38,5,123,32,50,64,200,5,walk,cora
pred,47,303,32,9.46875,155,3,123,32,50,64,200,5,walk,cora
pred,48,183,32,5.71875,51,4,123,32,50,64,200,5,walk,cora
pred,49,240,32,7.5,103,5,123,32,50,64,200,5,walk,cora
train,0,36,16,2.25,2,9,123,16,50,64,200,5,walk,cora
train,1,34,16,2.125,0,9,123,16,50,64,200,5,walk,cora
train,2,44,16,2.75,4,5,123,16,50,64,200,5,walk,cora
train,3,44,16,2.75,8,8,123,16,50,64,200,5,walk,cora
train,4,50,16,3.125,10,8,123,16,50,64,200,5,walk,cora
train,5,40,16,2.5,5,8,123,16,50,64,200,5,walk,cora
train,6,44,16,2.75,6,6,123,16,50,64,200,5,walk,cora
train,7,56,16,3.5,12,5,123,16,50,64,200,5,walk,cora
train,8,40,16,2.5,9,5,123,16,50,64,200,5,walk,cora
train,9,50,16,3.125,12,6,123,16,50,64,200,5,walk,cora
train,10,40,16,2.5,5,7,123,16,50,64,200,5,walk,cora
train,11,40,16,2.5,3,5,123,16,50,64,200,5,walk,cora
train,12,40,16,2.5,3,6,123,16,50,64,200,5,walk,cora
train,13,38,16,2.375,5,4,123,16,50,64,200,5,walk,cora
train,14,44,16,2.75,4,6,123,16,50,64,200,5,walk,cora
train,15,46,16,2.875,7,8,123,16,50,64,200,5,walk,cora
train,16,34,16,2.125,4,7,123,16,50,64,200,5,walk,cora
train,17,34,16,2.125,2,7,123,16,50,64,200,5,walk,cora
train,18,34,16,2.125,1,8,123,16,50,64,200,5,walk,cora
train,19,36,16,2.25,2,8,123,16,50,64,200,5,walk,cora
train,20,54,16,3.375,12,5,123,16,50,64,200,5,walk,cora
train,21,40,16,2.5,4,10,123,16,50,64,200,5,walk,cora
train,22,38,16,2.375,2,8,123,16,50,64,200,5,walk,cora
train,23,46,16,2.875,5,5,123,16,50,64,200,5,walk,cora
train,24,46,16,2.875,7,7,123,16,50,64,200,5,walk,cora
train,25,38,16,2.375,3,8,123,16,50,64,200,5,walk,cora
train,26,42,16,2.625,3,8,123,16,50,64,200,5,walk,cora
train,27,32,16,2.0,1,4,123,16,50,64,200,5,walk,cora
train,28,38,16,2.375,5,10,123,16,50,64,200,5,walk,cora
train,29,36,16,2.25,3,10,123,16,50,64,200,5,walk,cora
train,30,40,16,2.5,3,6,123,16,50,64,200,5,walk,cora
train,31,40,16,2.5,6,5,123,16,50,64,200,5,walk,cora
train,32,36,16,2.25,3,7,123,16,50,64,200,5,walk,cora
train,33,54,16,3.375,9,4,123,16,50,64,200,5,walk,cora
train,34,30,16,1.875,0,8,123,16,50,64,200,5,walk,cora
train,35,50,16,3.125,8,4,123,16,50,64,200,5,walk,cora
train,36,30,16,1.875,0,8,123,16,50,64,200,5,walk,cora
train,37,48,16,3.0,6,4,123,16,50,64,200,5,walk,cora
train,38,34,16,2.125,2,12,123,16,50,64,200,5,walk,cora
train,39,40,16,2.5,5,9,123,16,50,64,200,5,walk,cora
train,40,50,16,3.125,11,6,123,16,50,64,200,5,walk,cora
train,41,28,16,1.75,0,8,123,16,50,64,200,5,walk,cora
train,42,40,16,2.5,4,8,123,16,50,64,200,5,walk,cora
train,43,42,16,2.625,6,6,123,16,50,64,200,5,walk,cora
train,44,52,16,3.25,12,6,123,16,50,64,200,5,walk,cora
train,45,42,16,2.625,6,7,123,16,50,64,200,5,walk,cora
train,46,40,16,2.5,2,5,123,16,50,64,200,5,walk,cora
train,47,34,16,2.125,1,10,123,16,50,64,200,5,walk,cora
train,48,44,16,2.75,5,9,123,16,50,64,200,5,walk,cora
train,49,40,16,2.5,3,5,123,16,50,64,200,5,walk,cora
pred,0,39,16,2.4375,4,3,123,16,50,64,200,5,walk,cora
pred,1,34,16,2.125,4,7,123,16,50,64,200,5,walk,cora
pred,2,33,16,2.0625,0,6,123,16,50,64,200,5,walk,cora
pred,3,28,16,1.75,0,7,123,16,50,64,200,5,walk,cora
pred,4,28,16,1.75,1,5,123,16,50,64,200,5,walk,cora
pred,5,36,16,2.25,2,8,123,16,50,64,200,5,walk,cora
pred,6,40,16,2.5,2,6,123,16,50,64,200,5,walk,cora
pred,7,40,16,2.5,5,6,123,16,50,64,200,5,walk,cora
pred,8,36,16,2.25,1,10,123,16,50,64,200,5,walk,cora
pred,9,38,16,2.375,1,7,123,16,50,64,200,5,walk,cora
pred,10,37,16,2.3125,3,6,123,16,50,64,200,5,walk,cora
pred,11,43,16,2.6875,3,5,123,16,50,64,200,5,walk,cora
pred,12,31,16,1.9375,1,8,123,16,50,64,200,5,walk,cora
pred,13,38,16,2.375,2,6,123,16,50,64,200,5,walk,cora
pred,14,48,16,3.0,6,5,123,16,50,64,200,5,walk,cora
pred,15,32,16,2.0,2,6,123,16,50,64,200,5,walk,cora
pred,16,25,16,1.5625,2,4,123,16,50,64,200,5,walk,cora
pred,17,30,16,1.875,0,7,123,16,50,64,200,5,walk,cora
pred,18,30,16,1.875,2,9,123,16,50,64,200,5,walk,cora
pred,19,32,16,2.0,3,3,123,16,50,64,200,5,walk,cora
pred,20,34,16,2.125,1,9,123,16,50,64,200,5,walk,cora
pred,21,31,16,1.9375,3,7,123,16,50,64,200,5,walk,cora
pred,22,20,16,1.25,0,6,123,16,50,64,200,5,walk,cora
pred,23,44,16,2.75,5,6,123,16,50,64,200,5,walk,cora
pred,24,50,16,3.125,4,5,123,16,50,64,200,5,walk,cora
pred,25,38,16,2.375,3,7,123,16,50,64,200,5,walk,cora
pred,26,35,16,2.1875,1,8,123,16,50,64,200,5,walk,cora
pred,27,32,16,2.0,1,9,123,16,50,64,200,5,walk,cora
pred,28,34,16,2.125,0,6,123,16,50,64,200,5,walk,cora
pred,29,33,16,2.0625,3,5,123,16,50,64,200,5,walk,cora
pred,30,40,16,2.5,2,5,123,16,50,64,200,5,walk,cora
pred,31,35,16,2.1875,0,5,123,16,50,64,200,5,walk,cora
pred,32,36,16,2.25,1,8,123,16,50,64,200,5,walk,cora
pred,33,42,16,2.625,3,4,123,16,50,64,200,5,walk,cora
pred,34,28,16,1.75,1,7,123,16,50,64,200,5,walk,cora
pred,35,44,16,2.75,4,5,123,16,50,64,200,5,walk,cora
pred,36,32,16,2.0,1,7,123,16,50,64,200,5,walk,cora
pred,37,45,16,2.8125,7,7,123,16,50,64,200,5,walk,cora
pred,38,51,16,3.1875,7,5,123,16,50,64,200,5,walk,cora
pred,39,38,16,2.375,5,5,123,16,50,64,200,5,walk,cora
pred,40,35,16,2.1875,4,6,123,16,50,64,200,5,walk,cora
pred,41,24,16,1.5,0,7,123,16,50,64,200,5,walk,cora
pred,42,32,16,2.0,2,9,123,16,50,64,200,5,walk,cora
pred,43,33,16,2.0625,0,4,123,16,50,64,200,5,walk,cora
pred,44,41,16,2.5625,3,7,123,16,50,64,200,5,walk,cora
pred,45,30,16,1.875,1,7,123,16,50,64,200,5,walk,cora
pred,46,20,16,1.25,0,5,123,16,50,64,200,5,walk,cora
pred,47,29,16,1.8125,0,10,123,16,50,64,200,5,walk,cora
pred,48,38,16,2.375,2,5,123,16,50,64,200,5,walk,cora
pred,49,47,16,2.9375,5,5,123,16,50,64,200,5,walk,cora
train,0,68,16,4.25,24,4,123,16,50,64,400,5,walk,cora
train,1,44,16,2.75,2,5,123,16,50,64,400,5,walk,cora
train,2,40,16,2.5,4,4,123,16,50,64,400,5,walk,cora
train,3,30,16,1.875,0,10,123,16,50,64,400,5,walk,cora
train,4,38,16,2.375,5,6,123,16,50,64,400,5,walk,cora
train,5,36,16,2.25,2,9,123,16,50,64,400,5,walk,cora
train,6,42,16,2.625,4,7,123,16,50,64,400,5,walk,cora
train,7,42,16,2.625,4,7,123,16,50,64,400,5,walk,cora
train,8,52,16,3.25,11,5,123,16,50,64,400,5,walk,cora
train,9,46,16,2.875,9,7,123,16,50,64,400,5,walk,cora
train,10,46,16,2.875,4,4,123,16,50,64,400,5,walk,cora
train,11,36,16,2.25,2,8,123,16,50,64,400,5,walk,cora
train,12,44,16,2.75,4,5,123,16,50,64,400,5,walk,cora
train,13,32,16,2.0,2,9,123,16,50,64,400,5,walk,cora
train,14,38,16,2.375,3,9,123,16,50,64,400,5,walk,cora
train,15,42,16,2.625,4,6,123,16,50,64,400,5,walk,cora
train,16,42,16,2.625,4,6,123,16,50,64,400,5,walk,cora
train,17,42,16,2.625,5,6,123,16,50,64,400,5,walk,cora
train,18,44,16,2.75,6,7,123,16,50,64,400,5,walk,cora
train,19,34,16,2.125,2,9,123,16,50,64,400,5,walk,cora
train,20,40,16,2.5,3,10,123,16,50,64,400,5,walk,cora
train,21,30,16,1.875,0,8,123,16,50,64,400,5,walk,cora
train,22,42,16,2.625,5,8,123,16,50,64,400,5,walk,cora
train,23,42,16,2.625,7,6,123,16,50,64,400,5,walk,cora
train,24,46,16,2.875,6,8,123,16,50,64,400,5,walk,cora
train,25,48,16,3.0,6,6,123,16,50,64,400,5,walk,cora
train,26,36,16,2.25,1,9,123,16,50,64,400,5,walk,cora
train,27,38,16,2.375,6,6,123,16,50,64,400,5,walk,cora
train,28,38,16,2.375,3,7,123,16,50,64,400,5,walk,cora
train,29,40,16,2.5,5,7,123,16,50,64,400,5,walk,cora
train,30,30,16,1.875,0,7,123,16,50,64,400,5,walk,cora
train,31,42,16,2.625,2,5,123,16,50,64,400,5,walk,cora
train,32,42,16,2.625,7,8,123,16,50,64,400,5,walk,cora
train,33,36,16,2.25,3,10,123,16,50,64,400,5,walk,cora
train,34,34,16,2.125,2,8,123,16,50,64,400,5,walk,cora
train,35,38,16,2.375,4,11,123,16,50,64,400,5,walk,cora
train,36,44,16,2.75,4,4,123,16,50,64,400,5,walk,cora
train,37,52,16,3.25,8,7,123,16,50,64,400,5,walk,cora
train,38,44,16,2.75,3,6,123,16,50,64,400,5,walk,cora
train,39,36,16,2.25,3,7,123,16,50,64,400,5,walk,cora
train,40,36,16,2.25,0,7,123,16,50,64,400,5,walk,cora
train,41,36,16,2.25,0,9,123,16,50,64,400,5,walk,cora
train,42,34,16,2.125,1,10,123,16,50,64,400,5,walk,cora
train,43,42,16,2.625,7,8,123,16,50,64,400,5,walk,cora
train,44,52,16,3.25,11,5,123,16,50,64,400,5,walk,cora
train,45,32,16,2.0,0,8,123,16,50,64,400,5,walk,cora
train,46,32,16,2.0,0,10,123,16,50,64,400,5,walk,cora
train,47,56,16,3.5,16,4,123,16,50,64,400,5,walk,cora
train,48,40,16,2.5,3,7,123,16,50,64,400,5,walk,cora
train,49,38,16,2.375,4,11,123,16,50,64,400,5,walk,cora
pred,0,54,16,3.375,9,6,123,16,50,64,400,5,walk,cora
pred,1,30,16,1.875,2,8,123,16,50,64,400,5,walk,cora
pred,2,30,16,1.875,0,7,123,16,50,64,400,5,walk,cora
pred,3,30,16,1.875,1,8,123,16,50,64,400,5,walk,cora
pred,4,21,16,1.3125,0,3,123,16,50,64,400,5,walk,cora
pred,5,18,16,1.125,1,2,123,16,50,64,400,5,walk,cora
pred,6,38,16,2.375,4,6,123,16,50,64,400,5,walk,cora
pred,7,15,16,0.9375,0,3,123,16,50,64,400,5,walk,cora
pred,8,24,16,1.5,0,4,123,16,50,64,400,5,walk,cora
pred,9,18,16,1.125,0,4,123,16,50,64,400,5,walk,cora
pred,10,18,16,1.125,0,5,123,16,50,64,400,5,walk,cora
pred,11,34,16,2.125,4,4,123,16,50,64,400,5,walk,cora
pred,12,31,16,1.9375,2,6,123,16,50,64,400,5,walk,cora
pred,13,18,16,1.125,0,6,123,16,50,64,400,5,walk,cora
pred,14,29,16,1.8125,2,8,123,16,50,64,400,5,walk,cora
pred,15,18,16,1.125,0,5,123,16,50,64,400,5,walk,cora
pred,16,19,16,1.1875,0,5,123,16,50,64,400,5,walk,cora
pred,17,20,16,1.25,0,3,123,16,50,64,400,5,walk,cora
pred,18,27,16,1.6875,1,6,123,16,50,64,400,5,walk,cora
pred,19,37,16,2.3125,2,8,123,16,50,64,400,5,walk,cora
pred,20,39,16,2.4375,5,6,123,16,50,64,400,5,walk,cora
pred,21,39,16,2.4375,5,6,123,16,50,64,400,5,walk,cora
pred,22,23,16,1.4375,1,4,123,16,50,64,400,5,walk,cora
pred,23,25,16,1.5625,0,6,123,16,50,64,400,5,walk,cora
pred,24,30,16,1.875,0,10,123,16,50,64,400,5,walk,cora
pred,25,23,16,1.4375,0,6,123,16,50,64,400,5,walk,cora
pred,26,44,16,2.75,4,6,123,16,50,64,400,5,walk,cora
pred,27,30,16,1.875,0,6,123,16,50,64,400,5,walk,cora
pred,28,24,16,1.5,0,6,123,16,50,64,400,5,walk,cora
pred,29,28,16,1.75,1,3,123,16,50,64,400,5,walk,cora
pred,30,21,16,1.3125,0,3,123,16,50,64,400,5,walk,cora
pred,31,31,16,1.9375,1,3,123,16,50,64,400,5,walk,cora
pred,32,28,16,1.75,0,7,123,16,50,64,400,5,walk,cora
pred,33,32,16,2.0,0,8,123,16,50,64,400,5,walk,cora
pred,34,24,16,1.5,0,9,123,16,50,64,400,5,walk,cora
pred,35,23,16,1.4375,1,7,123,16,50,64,400,5,walk,cora
pred,36,40,16,2.5,3,6,123,16,50,64,400,5,walk,cora
pred,37,28,16,1.75,1,4,123,16,50,64,400,5,walk,cora
pred,38,25,16,1.5625,0,3,123,16,50,64,400,5,walk,cora
pred,39,38,16,2.375,3,6,123,16,50,64,400,5,walk,cora
pred,40,24,16,1.5,1,4,123,16,50,64,400,5,walk,cora
pred,41,29,16,1.8125,1,8,123,16,50,64,400,5,walk,cora
pred,42,26,16,1.625,1,4,123,16,50,64,400,5,walk,cora
pred,43,21,16,1.3125,0,5,123,16,50,64,400,5,walk,cora
pred,44,20,16,1.25,0,7,123,16,50,64,400,5,walk,cora
pred,45,32,16,2.0,3,5,123,16,50,64,400,5,walk,cora
pred,46,26,16,1.625,2,5,123,16,50,64,400,5,walk,cora
pred,47,30,16,1.875,3,5,123,16,50,64,400,5,walk,cora
pred,48,15,16,0.9375,0,3,123,16,50,64,400,5,walk,cora
pred,49,43,16,2.6875,1,5,123,16,50,64,400,5,walk,cora
train,0,42,16,2.625,2,6,123,16,50,64,600,5,walk,cora
train,1,42,16,2.625,7,8,123,16,50,64,600,5,walk,cora
train,2,44,16,2.75,5,8,123,16,50,64,600,5,walk,cora
train,3,40,16,2.5,2,6,123,16,50,64,600,5,walk,cora
train,4,32,16,2.0,2,7,123,16,50,64,600,5,walk,cora
train,5,36,16,2.25,2,7,123,16,50,64,600,5,walk,cora
train,6,38,16,2.375,3,5,123,16,50,64,600,5,walk,cora
train,7,32,16,2.0,0,10,123,16,50,64,600,5,walk,cora
train,8,34,16,2.125,2,9,123,16,50,64,600,5,walk,cora
train,9,32,16,2.0,0,6,123,16,50,64,600,5,walk,cora
train,10,42,16,2.625,2,5,123,16,50,64,600,5,walk,cora
train,11,48,16,3.0,9,9,123,16,50,64,600,5,walk,cora
train,12,40,16,2.5,6,5,123,16,50,64,600,5,walk,cora
train,13,48,16,3.0,8,6,123,16,50,64,600,5,walk,cora
train,14,62,16,3.875,20,5,123,16,50,64,600,5,walk,cora
train,15,34,16,2.125,2,12,123,16,50,64,600,5,walk,cora
train,16,34,16,2.125,0,10,123,16,50,64,600,5,walk,cora
train,17,36,16,2.25,1,8,123,16,50,64,600,5,walk,cora
train,18,36,16,2.25,4,9,123,16,50,64,600,5,walk,cora
train,19,42,16,2.625,4,5,123,16,50,64,600,5,walk,cora
train,20,40,16,2.5,3,8,123,16,50,64,600,5,walk,cora
train,21,42,16,2.625,5,5,123,16,50,64,600,5,walk,cora
train,22,40,16,2.5,5,9,123,16,50,64,600,5,walk,cora
train,23,44,16,2.75,8,6,123,16,50,64,600,5,walk,cora
train,24,38,16,2.375,4,9,123,16,50,64,600,5,walk,cora
train,25,32,16,2.0,0,5,123,16,50,64,600,5,walk,cora
train,26,32,16,2.0,0,9,123,16,50,64,600,5,walk,cora
train,27,34,16,2.125,2,9,123,16,50,64,600,5,walk,cora
train,28,34,16,2.125,2,5,123,16,50,64,600,5,walk,cora
train,29,60,16,3.75,17,3,123,16,50,64,600,5,walk,cora
train,30,36,16,2.25,4,7,123,16,50,64,600,5,walk,cora
train,31,50,16,3.125,10,6,123,16,50,64,600,5,walk,cora
train,32,48,16,3.0,8,5,123,16,50,64,600,5,walk,cora
train,33,36,16,2.25,3,12,123,16,50,64,600,5,walk,cora
train,34,38,16,2.375,3,7,123,16,50,64,600,5,walk,cora
train,35,38,16,2.375,3,7,123,16,50,64,600,5,walk,cora
train,36,50,16,3.125,10,7,123,16,50,64,600,5,walk,cora
train,37,42,16,2.625,4,5,123,16,50,64,600,5,walk,cora
train,38,38,16,2.375,4,9,123,16,50,64,600,5,walk,cora
train,39,50,16,3.125,13,6,123,16,50,64,600,5,walk,cora
train,40,64,16,4.0,17,4,123,16,50,64,600,5,walk,cora
train,41,42,16,2.625,4,7,123,16,50,64,600,5,walk,cora
train,42,42,16,2.625,7,9,123,16,50,64,600,5,walk,cora
train,43,52,16,3.25,12,5,123,16,50,64,600,5,walk,cora
train,44,32,16,2.0,0,7,123,16,50,64,600,5,walk,cora
train,45,34,16,2.125,2,8,123,16,50,64,600,5,walk,cora
train,46,44,16,2.75,6,6,123,16,50,64,600,5,walk,cora
train,47,56,16,3.5,16,7,123,16,50,64,600,5,walk,cora
train,48,34,16,2.125,2,8,123,16,50,64,600,5,walk,cora
train,49,40,16,2.5,5,10,123,16,50,64,600,5,walk,cora
pred,0,17,16,1.0625,0,6,123,16,50,64,600,5,walk,cora
pred,1,18,16,1.125,0,3,123,16,50,64,600,5,walk,cora
pred,2,18,16,1.125,0,3,123,16,50,64,600,5,walk,cora
pred,3,29,16,1.8125,1,9,123,16,50,64,600,5,walk,cora
pred,4,22,16,1.375,1,3,123,16,50,64,600,5,walk,cora
pred,5,12,16,0.75,0,2,123,16,50,64,600,5,walk,cora
pred,6,18,16,1.125,0,2,123,16,50,64,600,5,walk,cora
pred,7,26,16,1.625,2,4,123,16,50,64,600,5,walk,cora
pred,8,30,16,1.875,2,6,123,16,50,64,600,5,walk,cora
pred,9,13,16,0.8125,0,3,123,16,50,64,600,5,walk,cora
pred,10,23,16,1.4375,2,3,123,16,50,64,600,5,walk,cora
pred,11,26,16,1.625,1,8,123,16,50,64,600,5,walk,cora
pred,12,20,16,1.25,1,4,123,16,50,64,600,5,walk,cora
pred,13,22,16,1.375,0,4,123,16,50,64,600,5,walk,cora
pred,14,23,16,1.4375,2,3,123,16,50,64,600,5,walk,cora
pred,15,22,16,1.375,0,4,123,16,50,64,600,5,walk,cora
pred,16,21,16,1.3125,0,5,123,16,50,64,600,5,walk,cora
pred,17,14,16,0.875,0,3,123,16,50,64,600,5,walk,cora
pred,18,22,16,1.375,0,5,123,16,50,64,600,5,walk,cora
pred,19,22,16,1.375,0,3,123,16,50,64,600,5,walk,cora
pred,20,20,16,1.25,1,3,123,16,50,64,600,5,walk,cora
pred,21,20,16,1.25,0,5,123,16,50,64,600,5,walk,cora
pred,22,8,16,0.5,0,2,123,16,50,64,600,5,walk,cora
pred,23,24,16,1.5,0,6,123,16,50,64,600,5,walk,cora
pred,24,16,16,1.0,0,4,123,16,50,64,600,5,walk,cora
pred,25,19,16,1.1875,0,3,123,16,50,64,600,5,walk,cora
pred,26,19,16,1.1875,0,6,123,16,50,64,600,5,walk,cora
pred,27,24,16,1.5,0,4,123,16,50,64,600,5,walk,cora
pred,28,21,16,1.3125,1,4,123,16,50,64,600,5,walk,cora
pred,29,19,16,1.1875,0,6,123,16,50,64,600,5,walk,cora
pred,30,18,16,1.125,0,4,123,16,50,64,600,5,walk,cora
pred,31,21,16,1.3125,0,5,123,16,50,64,600,5,walk,cora
pred,32,16,16,1.0,0,3,123,16,50,64,600,5,walk,cora
pred,33,20,16,1.25,0,4,123,16,50,64,600,5,walk,cora
pred,34,27,16,1.6875,1,3,123,16,50,64,600,5,walk,cora
pred,35,18,16,1.125,0,4,123,16,50,64,600,5,walk,cora
pred,36,28,16,1.75,2,6,123,16,50,64,600,5,walk,cora
pred,37,21,16,1.3125,1,2,123,16,50,64,600,5,walk,cora
pred,38,17,16,1.0625,0,2,123,16,50,64,600,5,walk,cora
pred,39,21,16,1.3125,1,5,123,16,50,64,600,5,walk,cora
pred,40,19,16,1.1875,0,3,123,16,50,64,600,5,walk,cora
pred,41,16,16,1.0,0,3,123,16,50,64,600,5,walk,cora
pred,42,26,16,1.625,1,6,123,16,50,64,600,5,walk,cora
pred,43,22,16,1.375,2,3,123,16,50,64,600,5,walk,cora
pred,44,36,16,2.25,6,5,123,16,50,64,600,5,walk,cora
pred,45,8,16,0.5,0,3,123,16,50,64,600,5,walk,cora
pred,46,19,16,1.1875,0,4,123,16,50,64,600,5,walk,cora
pred,47,13,16,0.8125,0,3,123,16,50,64,600,5,walk,cora
pred,48,21,16,1.3125,0,4,123,16,50,64,600,5,walk,cora
pred,49,27,16,1.6875,1,7,123,16,50,64,600,5,walk,cora
train,0,140,16,8.75,182,3,123,16,50,256,400,5,walk,chameleon
train,1,48,16,3.0,7,8,123,16,50,256,400,5,walk,chameleon
train,2,80,16,5.0,19,3,123,16,50,256,400,5,walk,chameleon
train,3,110,16,6.875,85,2,123,16,50,256,400,5,walk,chameleon
train,4,100,16,6.25,82,5,123,16,50,256,400,5,walk,chameleon
train,5,66,16,4.125,19,4,123,16,50,256,400,5,walk,chameleon
train,6,126,16,7.875,144,4,123,16,50,256,400,5,walk,chameleon
train,7,76,16,4.75,27,4,123,16,50,256,400,5,walk,chameleon
train,8,112,16,7.0,93,2,123,16,50,256,400,5,walk,chameleon
train,9,154,16,9.625,187,2,123,16,50,256,400,5,walk,chameleon
train,10,46,16,2.875,8,8,123,16,50,256,400,5,walk,chameleon
train,11,112,16,7.0,109,4,123,16,50,256,400,5,walk,chameleon
train,12,86,16,5.375,30,3,123,16,50,256,400,5,walk,chameleon
train,13,116,16,7.25,115,3,123,16,50,256,400,5,walk,chameleon
train,14,58,16,3.625,8,5,123,16,50,256,400,5,walk,chameleon
train,15,152,16,9.5,228,3,123,16,50,256,400,5,walk,chameleon
train,16,32,16,2.0,2,3,123,16,50,256,400,5,walk,chameleon
train,17,120,16,7.5,112,2,123,16,50,256,400,5,walk,chameleon
train,18,92,16,5.75,43,3,123,16,50,256,400,5,walk,chameleon
train,19,46,16,2.875,2,5,123,16,50,256,400,5,walk,chameleon
train,20,56,16,3.5,14,6,123,16,50,256,400,5,walk,chameleon
train,21,76,16,4.75,29,3,123,16,50,256,400,5,walk,chameleon
train,22,158,16,9.875,194,2,123,16,50,256,400,5,walk,chameleon
train,23,82,16,5.125,24,5,123,16,50,256,400,5,walk,chameleon
train,24,86,16,5.375,47,5,123,16,50,256,400,5,walk,chameleon
train,25,52,16,3.25,14,6,123,16,50,256,400,5,walk,chameleon
train,26,118,16,7.375,76,2,123,16,50,256,400,5,walk,chameleon
train,27,60,16,3.75,22,5,123,16,50,256,400,5,walk,chameleon
train,28,180,16,11.25,266,2,123,16,50,256,400,5,walk,chameleon
train,29,80,16,5.0,26,3,123,16,50,256,400,5,walk,chameleon
train,30,56,16,3.5,11,5,123,16,50,256,400,5,walk,chameleon
train,31,50,16,3.125,12,9,123,16,50,256,400,5,walk,chameleon
train,32,168,16,10.5,245,2,123,16,50,256,400,5,walk,chameleon
train,33,88,16,5.5,50,3,123,16,50,256,400,5,walk,chameleon
train,34,108,16,6.75,1,3,123,16,50,256,400,5,walk,chameleon
train,35,86,16,5.375,33,3,123,16,50,256,400,5,walk,chameleon
train,36,60,16,3.75,13,7,123,16,50,256,400,5,walk,chameleon
train,37,86,16,5.375,25,3,123,16,50,256,400,5,walk,chameleon
train,38,78,16,4.875,36,4,123,16,50,256,400,5,walk,chameleon
train,39,84,16,5.25,1,4,123,16,50,256,400,5,walk,chameleon
train,40,176,16,11.0,247,2,123,16,50,256,400,5,walk,chameleon
train,41,50,16,3.125,8,6,123,16,50,256,400,5,walk,chameleon
train,42,68,16,4.25,20,3,123,16,50,256,400,5,walk,chameleon
train,43,100,16,6.25,81,3,123,16,50,256,400,5,walk,chameleon
train,44,74,16,4.625,21,4,123,16,50,256,400,5,walk,chameleon
train,45,84,16,5.25,24,3,123,16,50,256,400,5,walk,chameleon
train,46,98,16,6.125,86,6,123,16,50,256,400,5,walk,chameleon
train,47,82,16,5.125,29,3,123,16,50,256,400,5,walk,chameleon
train,48,58,16,3.625,15,4,123,16,50,256,400,5,walk,chameleon
train,49,52,16,3.25,9,5,123,16,50,256,400,5,walk,chameleon
pred,0,111,16,6.9375,76,5,123,16,50,256,400,5,walk,chameleon
pred,1,66,16,4.125,12,5,123,16,50,256,400,5,walk,chameleon
pred,2,128,16,8.0,115,3,123,16,50,256,400,5,walk,chameleon
pred,3,82,16,5.125,34,4,123,16,50,256,400,5,walk,chameleon
pred,4,169,16,10.5625,216,2,123,16,50,256,400,5,walk,chameleon
pred,5,124,16,7.75,118,3,123,16,50,256,400,5,walk,chameleon
pred,6,108,16,6.75,44,3,123,16,50,256,400,5,walk,chameleon
pred,7,117,16,7.3125,78,3,123,16,50,256,400,5,walk,chameleon
pred,8,78,16,4.875,21,3,123,16,50,256,400,5,walk,chameleon
pred,9,122,16,7.625,93,3,123,16,50,256,400,5,walk,chameleon
pred,10,46,16,2.875,6,6,123,16,50,256,400,5,walk,chameleon
pred,11,82,16,5.125,33,3,123,16,50,256,400,5,walk,chameleon
pred,12,49,16,3.0625,4,4,123,16,50,256,400,5,walk,chameleon
pred,13,26,16,1.625,0,4,123,16,50,256,400,5,walk,chameleon
pred,14,75,16,4.6875,25,4,123,16,50,256,400,5,walk,chameleon
pred,15,74,16,4.625,15,4,123,16,50,256,400,5,walk,chameleon
pred,16,89,16,5.5625,50,4,123,16,50,256,400,5,walk,chameleon
pred,17,114,16,7.125,84,3,123,16,50,256,400,5,walk,chameleon
pred,18,164,16,10.25,212,2,123,16,50,256,400,5,walk,chameleon
pred,19,65,16,4.0625,13,3,123,16,50,256,400,5,walk,chameleon
pred,20,86,16,5.375,39,4,123,16,50,256,400,5,walk,chameleon
pred,21,84,16,5.25,40,4,123,16,50,256,400,5,walk,chameleon
pred,22,135,16,8.4375,119,3,123,16,50,256,400,5,walk,chameleon
pred,23,153,16,9.5625,157,2,123,16,50,256,400,5,walk,chameleon
pred,24,52,16,3.25,6,5,123,16,50,256,400,5,walk,chameleon
pred,25,67,16,4.1875,12,3,123,16,50,256,400,5,walk,chameleon
pred,26,176,16,11.0,219,2,123,16,50,256,400,5,walk,chameleon
pred,27,58,16,3.625,15,5,123,16,50,256,400,5,walk,chameleon
pred,28,93,16,5.8125,36,3,123,16,50,256,400,5,walk,chameleon
pred,29,96,16,6.0,22,3,123,16,50,256,400,5,walk,chameleon
pred,30,106,16,6.625,82,5,123,16,50,256,400,5,walk,chameleon
pred,31,61,16,3.8125,7,4,123,16,50,256,400,5,walk,chameleon
pred,32,108,16,6.75,87,4,123,16,50,256,400,5,walk,chameleon
pred,33,61,16,3.8125,16,5,123,16,50,256,400,5,walk,chameleon
pred,34,166,16,10.375,223,3,123,16,50,256,400,5,walk,chameleon
pred,35,64,16,4.0,16,6,123,16,50,256,400,5,walk,chameleon
pred,36,208,16,13.0,365,2,123,16,50,256,400,5,walk,chameleon
pred,37,58,16,3.625,13,6,123,16,50,256,400,5,walk,chameleon
pred,38,56,16,3.5,11,4,123,16,50,256,400,5,walk,chameleon
pred,39,93,16,5.8125,35,3,123,16,50,256,400,5,walk,chameleon
pred,40,125,16,7.8125,78,2,123,16,50,256,400,5,walk,chameleon
pred,41,100,16,6.25,48,4,123,16,50,256,400,5,walk,chameleon
pred,42,88,16,5.5,41,4,123,16,50,256,400,5,walk,chameleon
pred,43,64,16,4.0,6,5,123,16,50,256,400,5,walk,chameleon
pred,44,74,16,4.625,23,3,123,16,50,256,400,5,walk,chameleon
pred,45,123,16,7.6875,91,3,123,16,50,256,400,5,walk,chameleon
pred,46,74,16,4.625,18,4,123,16,50,256,400,5,walk,chameleon
pred,47,51,16,3.1875,12,8,123,16,50,256,400,5,walk,chameleon
pred,48,61,16,3.8125,14,5,123,16,50,256,400,5,walk,chameleon
pred,49,120,16,7.5,87,3,123,16,50,256,400,5,walk,chameleon
train,0,36,16,2.25,1,10,123,16,50,256,400,5,walk,BlogCatalog
train,1,34,16,2.125,1,7,123,16,50,256,400,5,walk,BlogCatalog
train,2,44,16,2.75,2,7,123,16,50,256,400,5,walk,BlogCatalog
train,3,72,16,4.5,24,4,123,16,50,256,400,5,walk,BlogCatalog
train,4,44,16,2.75,3,7,123,16,50,256,400,5,walk,BlogCatalog
train,5,38,16,2.375,2,10,123,16,50,256,400,5,walk,BlogCatalog
train,6,40,16,2.5,3,7,123,16,50,256,400,5,walk,BlogCatalog
train,7,48,16,3.0,8,7,123,16,50,256,400,5,walk,BlogCatalog
train,8,42,16,2.625,1,6,123,16,50,256,400,5,walk,BlogCatalog
train,9,40,16,2.5,1,7,123,16,50,256,400,5,walk,BlogCatalog
train,10,36,16,2.25,1,9,123,16,50,256,400,5,walk,BlogCatalog
train,11,40,16,2.5,2,8,123,16,50,256,400,5,walk,BlogCatalog
train,12,118,16,7.375,88,4,123,16,50,256,400,5,walk,BlogCatalog
train,13,42,16,2.625,3,6,123,16,50,256,400,5,walk,BlogCatalog
train,14,46,16,2.875,6,5,123,16,50,256,400,5,walk,BlogCatalog
train,15,38,16,2.375,3,8,123,16,50,256,400,5,walk,BlogCatalog
train,16,38,16,2.375,1,7,123,16,50,256,400,5,walk,BlogCatalog
train,17,40,16,2.5,1,6,123,16,50,256,400,5,walk,BlogCatalog
train,18,40,16,2.5,3,8,123,16,50,256,400,5,walk,BlogCatalog
train,19,38,16,2.375,1,6,123,16,50,256,400,5,walk,BlogCatalog
train,20,32,16,2.0,0,10,123,16,50,256,400,5,walk,BlogCatalog
train,21,36,16,2.25,2,8,123,16,50,256,400,5,walk,BlogCatalog
train,22,50,16,3.125,5,5,123,16,50,256,400,5,walk,BlogCatalog
train,23,38,16,2.375,2,8,123,16,50,256,400,5,walk,BlogCatalog
train,24,36,16,2.25,2,9,123,16,50,256,400,5,walk,BlogCatalog
train,25,50,16,3.125,4,4,123,16,50,256,400,5,walk,BlogCatalog
train,26,32,16,2.0,0,9,123,16,50,256,400,5,walk,BlogCatalog
train,27,32,16,2.0,1,13,123,16,50,256,400,5,walk,BlogCatalog
train,28,36,16,2.25,2,8,123,16,50,256,400,5,walk,BlogCatalog
train,29,36,16,2.25,0,9,123,16,50,256,400,5,walk,BlogCatalog
train,30,38,16,2.375,3,10,123,16,50,256,400,5,walk,BlogCatalog
train,31,38,16,2.375,4,11,123,16,50,256,400,5,walk,BlogCatalog
train,32,50,16,3.125,5,6,123,16,50,256,400,5,walk,BlogCatalog
train,33,34,16,2.125,2,13,123,16,50,256,400,5,walk,BlogCatalog
train,34,44,16,2.75,4,7,123,16,50,256,400,5,walk,BlogCatalog
train,35,38,16,2.375,2,8,123,16,50,256,400,5,walk,BlogCatalog
train,36,46,16,2.875,4,5,123,16,50,256,400,5,walk,BlogCatalog
train,37,42,16,2.625,1,6,123,16,50,256,400,5,walk,BlogCatalog
train,38,42,16,2.625,2,5,123,16,50,256,400,5,walk,BlogCatalog
train,39,36,16,2.25,1,9,123,16,50,256,400,5,walk,BlogCatalog
train,40,40,16,2.5,3,6,123,16,50,256,400,5,walk,BlogCatalog
train,41,42,16,2.625,5,8,123,16,50,256,400,5,walk,BlogCatalog
train,42,34,16,2.125,2,13,123,16,50,256,400,5,walk,BlogCatalog
train,43,44,16,2.75,4,6,123,16,50,256,400,5,walk,BlogCatalog
train,44,54,16,3.375,9,5,123,16,50,256,400,5,walk,BlogCatalog
train,45,40,16,2.5,3,6,123,16,50,256,400,5,walk,BlogCatalog
train,46,38,16,2.375,1,6,123,16,50,256,400,5,walk,BlogCatalog
train,47,38,16,2.375,0,7,123,16,50,256,400,5,walk,BlogCatalog
train,48,32,16,2.0,0,10,123,16,50,256,400,5,walk,BlogCatalog
train,49,30,16,1.875,0,15,123,16,50,256,400,5,walk,BlogCatalog
pred,0,30,16,1.875,0,15,123,16,50,256,400,5,walk,BlogCatalog
pred,1,30,16,1.875,0,15,123,16,50,256,400,5,walk,BlogCatalog
pred,2,36,16,2.25,2,11,123,16,50,256,400,5,walk,BlogCatalog
pred,3,32,16,2.0,0,13,123,16,50,256,400,5,walk,BlogCatalog
pred,4,32,16,2.0,0,10,123,16,50,256,400,5,walk,BlogCatalog
pred,5,32,16,2.0,1,14,123,16,50,256,400,5,walk,BlogCatalog
pred,6,32,16,2.0,1,14,123,16,50,256,400,5,walk,BlogCatalog
pred,7,33,16,2.0625,0,10,123,16,50,256,400,5,walk,BlogCatalog
pred,8,32,16,2.0,0,10,123,16,50,256,400,5,walk,BlogCatalog
pred,9,32,16,2.0,0,12,123,16,50,256,400,5,walk,BlogCatalog
pred,10,36,16,2.25,2,11,123,16,50,256,400,5,walk,BlogCatalog
pred,11,36,16,2.25,1,10,123,16,50,256,400,5,walk,BlogCatalog
pred,12,33,16,2.0625,0,11,123,16,50,256,400,5,walk,BlogCatalog
pred,13,30,16,1.875,0,15,123,16,50,256,400,5,walk,BlogCatalog
pred,14,34,16,2.125,1,8,123,16,50,256,400,5,walk,BlogCatalog
pred,15,34,16,2.125,0,12,123,16,50,256,400,5,walk,BlogCatalog
pred,16,32,16,2.0,0,11,123,16,50,256,400,5,walk,BlogCatalog
pred,17,32,16,2.0,0,13,123,16,50,256,400,5,walk,BlogCatalog
pred,18,32,16,2.0,1,14,123,16,50,256,400,5,walk,BlogCatalog
pred,19,32,16,2.0,1,14,123,16,50,256,400,5,walk,BlogCatalog
pred,20,34,16,2.125,0,9,123,16,50,256,400,5,walk,BlogCatalog
pred,21,32,16,2.0,0,11,123,16,50,256,400,5,walk,BlogCatalog
pred,22,36,16,2.25,1,7,123,16,50,256,400,5,walk,BlogCatalog
pred,23,30,16,1.875,0,15,123,16,50,256,400,5,walk,BlogCatalog
pred,24,30,16,1.875,0,15,123,16,50,256,400,5,walk,BlogCatalog
pred,25,31,16,1.9375,0,15,123,16,50,256,400,5,walk,BlogCatalog
pred,26,31,16,1.9375,0,15,123,16,50,256,400,5,walk,BlogCatalog
pred,27,32,16,2.0,1,14,123,16,50,256,400,5,walk,BlogCatalog
pred,28,38,16,2.375,1,7,123,16,50,256,400,5,walk,BlogCatalog
pred,29,32,16,2.0,0,11,123,16,50,256,400,5,walk,BlogCatalog
pred,30,32,16,2.0,1,14,123,16,50,256,400,5,walk,BlogCatalog
pred,31,36,16,2.25,3,12,123,16,50,256,400,5,walk,BlogCatalog
pred,32,32,16,2.0,0,12,123,16,50,256,400,5,walk,BlogCatalog
pred,33,32,16,2.0,0,8,123,16,50,256,400,5,walk,BlogCatalog
pred,34,36,16,2.25,0,9,123,16,50,256,400,5,walk,BlogCatalog
pred,35,30,16,1.875,0,15,123,16,50,256,400,5,walk,BlogCatalog
pred,36,32,16,2.0,0,13,123,16,50,256,400,5,walk,BlogCatalog
pred,37,32,16,2.0,0,13,123,16,50,256,400,5,walk,BlogCatalog
pred,38,32,16,2.0,1,14,123,16,50,256,400,5,walk,BlogCatalog
pred,39,34,16,2.125,1,11,123,16,50,256,400,5,walk,BlogCatalog
pred,40,30,16,1.875,0,15,123,16,50,256,400,5,walk,BlogCatalog
pred,41,30,16,1.875,0,15,123,16,50,256,400,5,walk,BlogCatalog
pred,42,34,16,2.125,2,13,123,16,50,256,400,5,walk,BlogCatalog
pred,43,30,16,1.875,0,15,123,16,50,256,400,5,walk,BlogCatalog
pred,44,32,16,2.0,0,13,123,16,50,256,400,5,walk,BlogCatalog
pred,45,34,16,2.125,0,7,123,16,50,256,400,5,walk,BlogCatalog
pred,46,31,16,1.9375,0,15,123,16,50,256,400,5,walk,BlogCatalog
pred,47,30,16,1.875,0,15,123,16,50,256,400,5,walk,BlogCatalog
pred,48,32,16,2.0,0,12,123,16,50,256,400,5,walk,BlogCatalog
pred,49,36,16,2.25,1,8,123,16,50,256,400,5,walk,BlogCatalog
train,0,44,16,2.75,7,6,123,16,50,256,200,5,walk,BlogCatalog
train,1,50,16,3.125,8,5,123,16,50,256,200,5,walk,BlogCatalog
train,2,38,16,2.375,1,7,123,16,50,256,200,5,walk,BlogCatalog
train,3,46,16,2.875,3,5,123,16,50,256,200,5,walk,BlogCatalog
train,4,66,16,4.125,22,6,123,16,50,256,200,5,walk,BlogCatalog
train,5,34,16,2.125,0,8,123,16,50,256,200,5,walk,BlogCatalog
train,6,44,16,2.75,3,7,123,16,50,256,200,5,walk,BlogCatalog
train,7,46,16,2.875,1,5,123,16,50,256,200,5,walk,BlogCatalog
train,8,40,16,2.5,3,9,123,16,50,256,200,5,walk,BlogCatalog
train,9,62,16,3.875,14,6,123,16,50,256,200,5,walk,BlogCatalog
train,10,46,16,2.875,5,6,123,16,50,256,200,5,walk,BlogCatalog
train,11,40,16,2.5,1,7,123,16,50,256,200,5,walk,BlogCatalog
train,12,34,16,2.125,0,9,123,16,50,256,200,5,walk,BlogCatalog
train,13,36,16,2.25,2,7,123,16,50,256,200,5,walk,BlogCatalog
train,14,40,16,2.5,6,12,123,16,50,256,200,5,walk,BlogCatalog
train,15,38,16,2.375,3,12,123,16,50,256,200,5,walk,BlogCatalog
train,16,44,16,2.75,3,6,123,16,50,256,200,5,walk,BlogCatalog
train,17,36,16,2.25,1,9,123,16,50,256,200,5,walk,BlogCatalog
train,18,48,16,3.0,6,7,123,16,50,256,200,5,walk,BlogCatalog
train,19,44,16,2.75,4,6,123,16,50,256,200,5,walk,BlogCatalog
train,20,32,16,2.0,0,8,123,16,50,256,200,5,walk,BlogCatalog
train,21,50,16,3.125,11,6,123,16,50,256,200,5,walk,BlogCatalog
train,22,34,16,2.125,0,9,123,16,50,256,200,5,walk,BlogCatalog
train,23,58,16,3.625,14,5,123,16,50,256,200,5,walk,BlogCatalog
train,24,46,16,2.875,13,12,123,16,50,256,200,5,walk,BlogCatalog
train,25,40,16,2.5,0,7,123,16,50,256,200,5,walk,BlogCatalog
train,26,36,16,2.25,0,7,123,16,50,256,200,5,walk,BlogCatalog
train,27,54,16,3.375,11,5,123,16,50,256,200,5,walk,BlogCatalog
train,28,48,16,3.0,4,5,123,16,50,256,200,5,walk,BlogCatalog
train,29,44,16,2.75,0,4,123,16,50,256,200,5,walk,BlogCatalog
train,30,34,16,2.125,0,7,123,16,50,256,200,5,walk,BlogCatalog
train,31,32,16,2.0,1,14,123,16,50,256,200,5,walk,BlogCatalog
train,32,40,16,2.5,1,6,123,16,50,256,200,5,walk,BlogCatalog
train,33,32,16,2.0,0,12,123,16,50,256,200,5,walk,BlogCatalog
train,34,52,16,3.25,8,9,123,16,50,256,200,5,walk,BlogCatalog
train,35,44,16,2.75,4,5,123,16,50,256,200,5,walk,BlogCatalog
train,36,42,16,2.625,1,7,123,16,50,256,200,5,walk,BlogCatalog
train,37,40,16,2.5,2,7,123,16,50,256,200,5,walk,BlogCatalog
train,38,44,16,2.75,4,7,123,16,50,256,200,5,walk,BlogCatalog
train,39,42,16,2.625,2,6,123,16,50,256,200,5,walk,BlogCatalog
train,40,48,16,3.0,7,6,123,16,50,256,200,5,walk,BlogCatalog
train,41,56,16,3.5,15,6,123,16,50,256,200,5,walk,BlogCatalog
train,42,36,16,2.25,2,12,123,16,50,256,200,5,walk,BlogCatalog
train,43,38,16,2.375,2,9,123,16,50,256,200,5,walk,BlogCatalog
train,44,52,16,3.25,6,5,123,16,50,256,200,5,walk,BlogCatalog
train,45,42,16,2.625,2,6,123,16,50,256,200,5,walk,BlogCatalog
train,46,34,16,2.125,0,7,123,16,50,256,200,5,walk,BlogCatalog
train,47,34,16,2.125,0,11,123,16,50,256,200,5,walk,BlogCatalog
train,48,46,16,2.875,4,6,123,16,50,256,200,5,walk,BlogCatalog
train,49,38,16,2.375,2,9,123,16,50,256,200,5,walk,BlogCatalog
pred,0,34,16,2.125,0,11,123,16,50,256,200,5,walk,BlogCatalog
pred,1,38,16,2.375,1,8,123,16,50,256,200,5,walk,BlogCatalog
pred,2,32,16,2.0,0,14,123,16,50,256,200,5,walk,BlogCatalog
pred,3,32,16,2.0,0,10,123,16,50,256,200,5,walk,BlogCatalog
pred,4,40,16,2.5,2,7,123,16,50,256,200,5,walk,BlogCatalog
pred,5,40,16,2.5,2,7,123,16,50,256,200,5,walk,BlogCatalog
pred,6,30,16,1.875,0,15,123,16,50,256,200,5,walk,BlogCatalog
pred,7,36,16,2.25,0,8,123,16,50,256,200,5,walk,BlogCatalog
pred,8,38,16,2.375,2,7,123,16,50,256,200,5,walk,BlogCatalog
pred,9,32,16,2.0,1,14,123,16,50,256,200,5,walk,BlogCatalog
pred,10,36,16,2.25,2,11,123,16,50,256,200,5,walk,BlogCatalog
pred,11,40,16,2.5,1,6,123,16,50,256,200,5,walk,BlogCatalog
pred,12,32,16,2.0,0,11,123,16,50,256,200,5,walk,BlogCatalog
pred,13,30,16,1.875,0,15,123,16,50,256,200,5,walk,BlogCatalog
pred,14,34,16,2.125,0,8,123,16,50,256,200,5,walk,BlogCatalog
pred,15,31,16,1.9375,0,15,123,16,50,256,200,5,walk,BlogCatalog
pred,16,36,16,2.25,1,9,123,16,50,256,200,5,walk,BlogCatalog
pred,17,44,16,2.75,4,8,123,16,50,256,200,5,walk,BlogCatalog
pred,18,30,16,1.875,0,15,123,16,50,256,200,5,walk,BlogCatalog
pred,19,34,16,2.125,1,7,123,16,50,256,200,5,walk,BlogCatalog
pred,20,36,16,2.25,1,8,123,16,50,256,200,5,walk,BlogCatalog
pred,21,42,16,2.625,4,7,123,16,50,256,200,5,walk,BlogCatalog
pred,22,40,16,2.5,0,6,123,16,50,256,200,5,walk,BlogCatalog
pred,23,35,16,2.1875,0,8,123,16,50,256,200,5,walk,BlogCatalog
pred,24,38,16,2.375,2,8,123,16,50,256,200,5,walk,BlogCatalog
pred,25,34,16,2.125,0,8,123,16,50,256,200,5,walk,BlogCatalog
pred,26,30,16,1.875,0,15,123,16,50,256,200,5,walk,BlogCatalog
pred,27,41,16,2.5625,2,7,123,16,50,256,200,5,walk,BlogCatalog
pred,28,36,16,2.25,1,7,123,16,50,256,200,5,walk,BlogCatalog
pred,29,32,16,2.0,1,14,123,16,50,256,200,5,walk,BlogCatalog
pred,30,34,16,2.125,0,11,123,16,50,256,200,5,walk,BlogCatalog
pred,31,34,16,2.125,0,7,123,16,50,256,200,5,walk,BlogCatalog
pred,32,38,16,2.375,3,10,123,16,50,256,200,5,walk,BlogCatalog
pred,33,30,16,1.875,1,13,123,16,50,256,200,5,walk,BlogCatalog
pred,34,40,16,2.5,2,6,123,16,50,256,200,5,walk,BlogCatalog
pred,35,30,16,1.875,0,15,123,16,50,256,200,5,walk,BlogCatalog
pred,36,30,16,1.875,0,15,123,16,50,256,200,5,walk,BlogCatalog
pred,37,32,16,2.0,0,12,123,16,50,256,200,5,walk,BlogCatalog
pred,38,40,16,2.5,2,8,123,16,50,256,200,5,walk,BlogCatalog
pred,39,48,16,3.0,5,7,123,16,50,256,200,5,walk,BlogCatalog
pred,40,37,16,2.3125,2,8,123,16,50,256,200,5,walk,BlogCatalog
pred,41,44,16,2.75,2,6,123,16,50,256,200,5,walk,BlogCatalog
pred,42,32,16,2.0,1,14,123,16,50,256,200,5,walk,BlogCatalog
pred,43,32,16,2.0,0,11,123,16,50,256,200,5,walk,BlogCatalog
pred,44,35,16,2.1875,0,8,123,16,50,256,200,5,walk,BlogCatalog
pred,45,40,16,2.5,1,5,123,16,50,256,200,5,walk,BlogCatalog
pred,46,34,16,2.125,0,11,123,16,50,256,200,5,walk,BlogCatalog
pred,47,34,16,2.125,1,12,123,16,50,256,200,5,walk,BlogCatalog
pred,48,36,16,2.25,0,6,123,16,50,256,200,5,walk,BlogCatalog
pred,49,30,16,1.875,1,13,123,16,50,256,200,5,walk,BlogCatalog
train,0,36,16,2.25,3,6,123,16,50,256,200,5,walk,cora
train,1,50,16,3.125,10,3,123,16,50,256,200,5,walk,cora
train,2,40,16,2.5,1,6,123,16,50,256,200,5,walk,cora
train,3,44,16,2.75,8,9,123,16,50,256,200,5,walk,cora
train,4,40,16,2.5,5,8,123,16,50,256,200,5,walk,cora
train,5,32,16,2.0,1,8,123,16,50,256,200,5,walk,cora
train,6,40,16,2.5,2,7,123,16,50,256,200,5,walk,cora
train,7,36,16,2.25,1,9,123,16,50,256,200,5,walk,cora
train,8,50,16,3.125,13,4,123,16,50,256,200,5,walk,cora
train,9,38,16,2.375,2,7,123,16,50,256,200,5,walk,cora
train,10,32,16,2.0,0,7,123,16,50,256,200,5,walk,cora
train,11,38,16,2.375,4,9,123,16,50,256,200,5,walk,cora
train,12,56,16,3.5,13,4,123,16,50,256,200,5,walk,cora
train,13,54,16,3.375,11,3,123,16,50,256,200,5,walk,cora
train,14,36,16,2.25,2,12,123,16,50,256,200,5,walk,cora
train,15,44,16,2.75,6,5,123,16,50,256,200,5,walk,cora
train,16,38,16,2.375,5,9,123,16,50,256,200,5,walk,cora
train,17,52,16,3.25,10,5,123,16,50,256,200,5,walk,cora
train,18,54,16,3.375,14,6,123,16,50,256,200,5,walk,cora
train,19,46,16,2.875,6,7,123,16,50,256,200,5,walk,cora
train,20,40,16,2.5,3,7,123,16,50,256,200,5,walk,cora
train,21,46,16,2.875,4,6,123,16,50,256,200,5,walk,cora
train,22,36,16,2.25,1,8,123,16,50,256,200,5,walk,cora
train,23,48,16,3.0,11,7,123,16,50,256,200,5,walk,cora
train,24,32,16,2.0,1,9,123,16,50,256,200,5,walk,cora
train,25,34,16,2.125,0,11,123,16,50,256,200,5,walk,cora
train,26,42,16,2.625,6,6,123,16,50,256,200,5,walk,cora
train,27,44,16,2.75,8,8,123,16,50,256,200,5,walk,cora
train,28,36,16,2.25,3,5,123,16,50,256,200,5,walk,cora
train,29,34,16,2.125,1,11,123,16,50,256,200,5,walk,cora
train,30,32,16,2.0,2,7,123,16,50,256,200,5,walk,cora
train,31,30,16,1.875,0,14,123,16,50,256,200,5,walk,cora
train,32,54,16,3.375,13,4,123,16,50,256,200,5,walk,cora
train,33,38,16,2.375,3,9,123,16,50,256,200,5,walk,cora
train,34,38,16,2.375,3,4,123,16,50,256,200,5,walk,cora
train,35,50,16,3.125,11,6,123,16,50,256,200,5,walk,cora
train,36,40,16,2.5,4,5,123,16,50,256,200,5,walk,cora
train,37,32,16,2.0,1,10,123,16,50,256,200,5,walk,cora
train,38,36,16,2.25,2,9,123,16,50,256,200,5,walk,cora
train,39,36,16,2.25,4,11,123,16,50,256,200,5,walk,cora
train,40,48,16,3.0,11,3,123,16,50,256,200,5,walk,cora
train,41,54,16,3.375,16,6,123,16,50,256,200,5,walk,cora
train,42,34,16,2.125,2,7,123,16,50,256,200,5,walk,cora
train,43,38,16,2.375,3,9,123,16,50,256,200,5,walk,cora
train,44,34,16,2.125,1,7,123,16,50,256,200,5,walk,cora
train,45,44,16,2.75,6,5,123,16,50,256,200,5,walk,cora
train,46,40,16,2.5,4,10,123,16,50,256,200,5,walk,cora
train,47,32,16,2.0,0,9,123,16,50,256,200,5,walk,cora
train,48,34,16,2.125,2,10,123,16,50,256,200,5,walk,cora
train,49,42,16,2.625,5,8,123,16,50,256,200,5,walk,cora
pred,0,36,16,2.25,2,4,123,16,50,256,200,5,walk,cora
pred,1,33,16,2.0625,2,4,123,16,50,256,200,5,walk,cora
pred,2,48,16,3.0,7,4,123,16,50,256,200,5,walk,cora
pred,3,43,16,2.6875,6,5,123,16,50,256,200,5,walk,cora
pred,4,36,16,2.25,5,7,123,16,50,256,200,5,walk,cora
pred,5,43,16,2.6875,5,5,123,16,50,256,200,5,walk,cora
pred,6,39,16,2.4375,4,6,123,16,50,256,200,5,walk,cora
pred,7,35,16,2.1875,2,6,123,16,50,256,200,5,walk,cora
pred,8,62,16,3.875,13,4,123,16,50,256,200,5,walk,cora
pred,9,44,16,2.75,4,7,123,16,50,256,200,5,walk,cora
pred,10,36,16,2.25,1,6,123,16,50,256,200,5,walk,cora
pred,11,43,16,2.6875,2,6,123,16,50,256,200,5,walk,cora
pred,12,57,16,3.5625,15,5,123,16,50,256,200,5,walk,cora
pred,13,44,16,2.75,3,3,123,16,50,256,200,5,walk,cora
pred,14,31,16,1.9375,2,9,123,16,50,256,200,5,walk,cora
pred,15,58,16,3.625,6,5,123,16,50,256,200,5,walk,cora
pred,16,33,16,2.0625,0,9,123,16,50,256,200,5,walk,cora
pred,17,44,16,2.75,4,6,123,16,50,256,200,5,walk,cora
pred,18,30,16,1.875,0,10,123,16,50,256,200,5,walk,cora
pred,19,52,16,3.25,5,5,123,16,50,256,200,5,walk,cora
pred,20,49,16,3.0625,7,6,123,16,50,256,200,5,walk,cora
pred,21,34,16,2.125,2,6,123,16,50,256,200,5,walk,cora
pred,22,36,16,2.25,5,5,123,16,50,256,200,5,walk,cora
pred,23,54,16,3.375,8,6,123,16,50,256,200,5,walk,cora
pred,24,39,16,2.4375,2,5,123,16,50,256,200,5,walk,cora
pred,25,52,16,3.25,13,4,123,16,50,256,200,5,walk,cora
pred,26,40,16,2.5,2,5,123,16,50,256,200,5,walk,cora
pred,27,34,16,2.125,4,3,123,16,50,256,200,5,walk,cora
pred,28,45,16,2.8125,3,7,123,16,50,256,200,5,walk,cora
pred,29,46,16,2.875,5,6,123,16,50,256,200,5,walk,cora
pred,30,33,16,2.0625,1,5,123,16,50,256,200,5,walk,cora
pred,31,45,16,2.8125,6,5,123,16,50,256,200,5,walk,cora
pred,32,56,16,3.5,12,4,123,16,50,256,200,5,walk,cora
pred,33,40,16,2.5,4,8,123,16,50,256,200,5,walk,cora
pred,34,40,16,2.5,1,8,123,16,50,256,200,5,walk,cora
pred,35,44,16,2.75,4,6,123,16,50,256,200,5,walk,cora
pred,36,44,16,2.75,3,5,123,16,50,256,200,5,walk,cora
pred,37,48,16,3.0,7,7,123,16,50,256,200,5,walk,cora
pred,38,48,16,3.0,4,7,123,16,50,256,200,5,walk,cora
pred,39,42,16,2.625,6,7,123,16,50,256,200,5,walk,cora
pred,40,44,16,2.75,3,5,123,16,50,256,200,5,walk,cora
pred,41,44,16,2.75,3,9,123,16,50,256,200,5,walk,cora
pred,42,54,16,3.375,10,5,123,16,50,256,200,5,walk,cora
pred,43,58,16,3.625,8,5,123,16,50,256,200,5,walk,cora
pred,44,42,16,2.625,5,6,123,16,50,256,200,5,walk,cora
pred,45,46,16,2.875,9,5,123,16,50,256,200,5,walk,cora
pred,46,44,16,2.75,4,5,123,16,50,256,200,5,walk,cora
pred,47,48,16,3.0,7,4,123,16,50,256,200,5,walk,cora
pred,48,39,16,2.4375,4,8,123,16,50,256,200,5,walk,cora
pred,49,48,16,3.0,4,7,123,16,50,256,200,5,walk,cora
train,0,34,16,2.125,1,11,123,16,50,256,400,5,walk,cora
train,1,38,16,2.375,3,10,123,16,50,256,400,5,walk,cora
train,2,36,16,2.25,4,7,123,16,50,256,400,5,walk,cora
train,3,42,16,2.625,4,6,123,16,50,256,400,5,walk,cora
train,4,42,16,2.625,5,7,123,16,50,256,400,5,walk,cora
train,5,36,16,2.25,4,5,123,16,50,256,400,5,walk,cora
train,6,38,16,2.375,2,11,123,16,50,256,400,5,walk,cora
train,7,36,16,2.25,1,7,123,16,50,256,400,5,walk,cora
train,8,42,16,2.625,5,6,123,16,50,256,400,5,walk,cora
train,9,38,16,2.375,4,8,123,16,50,256,400,5,walk,cora
train,10,50,16,3.125,11,5,123,16,50,256,400,5,walk,cora
train,11,42,16,2.625,1,7,123,16,50,256,400,5,walk,cora
train,12,44,16,2.75,6,8,123,16,50,256,400,5,walk,cora
train,13,52,16,3.25,13,5,123,16,50,256,400,5,walk,cora
train,14,44,16,2.75,4,5,123,16,50,256,400,5,walk,cora
train,15,32,16,2.0,0,8,123,16,50,256,400,5,walk,cora
train,16,46,16,2.875,4,7,123,16,50,256,400,5,walk,cora
train,17,62,16,3.875,13,5,123,16,50,256,400,5,walk,cora
train,18,34,16,2.125,2,9,123,16,50,256,400,5,walk,cora
train,19,48,16,3.0,12,6,123,16,50,256,400,5,walk,cora
train,20,42,16,2.625,6,10,123,16,50,256,400,5,walk,cora
train,21,40,16,2.5,4,10,123,16,50,256,400,5,walk,cora
train,22,32,16,2.0,1,9,123,16,50,256,400,5,walk,cora
train,23,40,16,2.5,4,5,123,16,50,256,400,5,walk,cora
train,24,34,16,2.125,2,9,123,16,50,256,400,5,walk,cora
train,25,38,16,2.375,2,7,123,16,50,256,400,5,walk,cora
train,26,34,16,2.125,2,9,123,16,50,256,400,5,walk,cora
train,27,46,16,2.875,5,5,123,16,50,256,400,5,walk,cora
train,28,32,16,2.0,1,12,123,16,50,256,400,5,walk,cora
train,29,52,16,3.25,12,8,123,16,50,256,400,5,walk,cora
train,30,40,16,2.5,3,8,123,16,50,256,400,5,walk,cora
train,31,42,16,2.625,5,7,123,16,50,256,400,5,walk,cora
train,32,38,16,2.375,4,7,123,16,50,256,400,5,walk,cora
train,33,40,16,2.5,3,5,123,16,50,256,400,5,walk,cora
train,34,42,16,2.625,9,7,123,16,50,256,400,5,walk,cora
train,35,42,16,2.625,5,7,123,16,50,256,400,5,walk,cora
train,36,50,16,3.125,13,5,123,16,50,256,400,5,walk,cora
train,37,50,16,3.125,10,5,123,16,50,256,400,5,walk,cora
train,38,36,16,2.25,2,11,123,16,50,256,400,5,walk,cora
train,39,52,16,3.25,15,4,123,16,50,256,400,5,walk,cora
train,40,30,16,1.875,2,5,123,16,50,256,400,5,walk,cora
train,41,36,16,2.25,0,7,123,16,50,256,400,5,walk,cora
train,42,42,16,2.625,7,8,123,16,50,256,400,5,walk,cora
train,43,36,16,2.25,3,9,123,16,50,256,400,5,walk,cora
train,44,42,16,2.625,7,6,123,16,50,256,400,5,walk,cora
train,45,38,16,2.375,3,6,123,16,50,256,400,5,walk,cora
train,46,60,16,3.75,12,3,123,16,50,256,400,5,walk,cora
train,47,40,16,2.5,5,10,123,16,50,256,400,5,walk,cora
train,48,34,16,2.125,3,4,123,16,50,256,400,5,walk,cora
train,49,38,16,2.375,2,6,123,16,50,256,400,5,walk,cora
pred,0,16,16,1.0,0,3,123,16,50,256,400,5,walk,cora
pred,1,18,16,1.125,0,3,123,16,50,256,400,5,walk,cora
pred,2,24,16,1.5,0,4,123,16,50,256,400,5,walk,cora
pred,3,17,16,1.0625,0,4,123,16,50,256,400,5,walk,cora
pred,4,31,16,1.9375,2,4,123,16,50,256,400,5,walk,cora
pred,5,15,16,0.9375,0,3,123,16,50,256,400,5,walk,cora
pred,6,21,16,1.3125,0,7,123,16,50,256,400,5,walk,cora
pred,7,15,16,0.9375,0,4,123,16,50,256,400,5,walk,cora
pred,8,12,16,0.75,0,3,123,16,50,256,400,5,walk,cora
pred,9,10,16,0.625,0,2,123,16,50,256,400,5,walk,cora
pred,10,30,16,1.875,0,7,123,16,50,256,400,5,walk,cora
pred,11,10,16,0.625,0,2,123,16,50,256,400,5,walk,cora
pred,12,22,16,1.375,0,5,123,16,50,256,400,5,walk,cora
pred,13,12,16,0.75,0,3,123,16,50,256,400,5,walk,cora
pred,14,24,16,1.5,0,4,123,16,50,256,400,5,walk,cora
pred,15,16,16,1.0,1,3,123,16,50,256,400,5,walk,cora
pred,16,6,16,0.375,0,2,123,16,50,256,400,5,walk,cora
pred,17,22,16,1.375,1,4,123,16,50,256,400,5,walk,cora
pred,18,24,16,1.5,0,3,123,16,50,256,400,5,walk,cora
pred,19,14,16,0.875,0,2,123,16,50,256,400,5,walk,cora
pred,20,18,16,1.125,0,4,123,16,50,256,400,5,walk,cora
pred,21,26,16,1.625,1,6,123,16,50,256,400,5,walk,cora
pred,22,28,16,1.75,2,9,123,16,50,256,400,5,walk,cora
pred,23,22,16,1.375,0,5,123,16,50,256,400,5,walk,cora
pred,24,20,16,1.25,2,2,123,16,50,256,400,5,walk,cora
pred,25,25,16,1.5625,0,6,123,16,50,256,400,5,walk,cora
pred,26,20,16,1.25,0,3,123,16,50,256,400,5,walk,cora
pred,27,26,16,1.625,1,7,123,16,50,256,400,5,walk,cora
pred,28,18,16,1.125,0,5,123,16,50,256,400,5,walk,cora
pred,29,22,16,1.375,0,6,123,16,50,256,400,5,walk,cora
pred,30,19,16,1.1875,1,4,123,16,50,256,400,5,walk,cora
pred,31,22,16,1.375,2,4,123,16,50,256,400,5,walk,cora
pred,32,10,16,0.625,0,3,123,16,50,256,400,5,walk,cora
pred,33,35,16,2.1875,3,6,123,16,50,256,400,5,walk,cora
pred,34,18,16,1.125,0,3,123,16,50,256,400,5,walk,cora
pred,35,25,16,1.5625,0,4,123,16,50,256,400,5,walk,cora
pred,36,16,16,1.0,0,4,123,16,50,256,400,5,walk,cora
pred,37,26,16,1.625,2,7,123,16,50,256,400,5,walk,cora
pred,38,22,16,1.375,0,9,123,16,50,256,400,5,walk,cora
pred,39,19,16,1.1875,0,3,123,16,50,256,400,5,walk,cora
pred,40,14,16,0.875,0,2,123,16,50,256,400,5,walk,cora
pred,41,14,16,0.875,0,2,123,16,50,256,400,5,walk,cora
pred,42,25,16,1.5625,0,4,123,16,50,256,400,5,walk,cora
pred,43,27,16,1.6875,0,5,123,16,50,256,400,5,walk,cora
pred,44,18,16,1.125,0,5,123,16,50,256,400,5,walk,cora
pred,45,16,16,1.0,0,4,123,16,50,256,400,5,walk,cora
pred,46,14,16,0.875,1,2,123,16,50,256,400,5,walk,cora
pred,47,16,16,1.0,0,3,123,16,50,256,400,5,walk,cora
pred,48,33,16,2.0625,0,9,123,16,50,256,400,5,walk,cora
pred,49,18,16,1.125,0,3,123,16,50,256,400,5,walk,cora