date,seed,dataset,protect_size,reg_epochs,ptb_epochs,ptb_rate,ptb_sample_num,ptb_sample_size,base_g0,base_gX,d_g0,d_gX,t0_task,t0_g0,d_t0_g0,t0_gX,d_t0_gX,t1_task,t1_g0,d_t1_g0,t1_gX,d_t1_gX,t2_task,t2_g0,d_t2_g0,t2_gX,d_t2_gX,t3_task,t3_g0,d_t3_g0,t3_gX,d_t3_gX,t4_task,t4_g0,d_t4_g0,t4_gX,d_t4_gX
2022-04-05-14:17:08,100,cora,0.1,100,30,0.1,20,500,0.7164179086685181,0.7557377219200134,-0.21641790866851807,-0.0028688907623291016,tensor(117),0.996268630027771,-0.0037313103675842285,0.9963114857673645,0.0,tensor(341),1.0,-0.003731369972229004,0.9942622780799866,0.0020492076873779297,tensor(272),0.996268630027771,-0.011194050312042236,0.9922131299972534,0.00450819730758667,tensor(1049),0.9253731369972229,0.0,0.935245931148529,-0.010245919227600098,tensor(1409),0.9589552283287048,0.007462680339813232,0.9614754319190979,-0.043032824993133545
2022-04-05-14:17:19,100,cora,0.1,100,30,0.25,20,500,0.7164179086685181,0.7557377219200134,-0.4962686598300934,-0.040983617305755615,tensor(117),0.996268630027771,0.0,0.9963114857673645,0.00040984153747558594,tensor(341),1.0,0.0,0.9942622780799866,0.0028688907623291016,tensor(272),0.996268630027771,0.0,0.9922131299972534,0.003278672695159912,tensor(1049),0.9253731369972229,0.0037313103675842285,0.935245931148529,-0.009426236152648926,tensor(1409),0.9589552283287048,0.02985072135925293,0.9614754319190979,0.003688514232635498
2022-04-05-14:17:31,100,cora,0.1,100,30,0.5,20,500,0.7164179086685181,0.7557377219200134,-0.5037313401699066,-0.04590165615081787,tensor(117),0.996268630027771,0.0,0.9963114857673645,0.0,tensor(341),1.0,0.0,0.9942622780799866,0.0024590492248535156,tensor(272),0.996268630027771,0.0,0.9922131299972534,0.005327880382537842,tensor(1049),0.9253731369972229,-0.003731369972229004,0.935245931148529,0.029918015003204346,tensor(1409),0.9589552283287048,0.026119351387023926,0.9614754319190979,-0.024180352687835693
2022-04-05-14:17:43,101,cora,0.1,100,30,0.1,20,500,0.7823129296302795,0.7444076538085938,-0.36734694242477417,0.0012427568435668945,tensor(941),0.9931972622871399,-0.006802737712860107,0.9913007616996765,0.0012427568435668945,tensor(970),0.9931972622871399,-0.010204076766967773,0.9900580048561096,-0.004556715488433838,tensor(607),0.9863945245742798,-0.003401339054107666,0.9937862753868103,0.0033140182495117188,tensor(918),0.9795918464660645,-0.027210891246795654,0.983015775680542,0.007042229175567627,tensor(321),0.9795918464660645,0.003401339054107666,0.9817730188369751,0.004142463207244873
2022-04-05-14:17:55,101,cora,0.1,100,30,0.25,20,500,0.7823129296302795,0.7444076538085938,-0.5272108912467957,-0.03148305416107178,tensor(941),0.9931972622871399,0.0,0.9913007616996765,0.002899765968322754,tensor(970),0.9931972622871399,-0.003401339054107666,0.9900580048561096,-0.0012427568435668945,tensor(607),0.9863945245742798,0.0034013986587524414,0.9937862753868103,0.002899765968322754,tensor(918),0.9795918464660645,0.006802678108215332,0.983015775680542,0.008284986019134521,tensor(321),0.9795918464660645,0.010204076766967773,0.9817730188369751,0.006627976894378662
2022-04-05-14:18:08,101,cora,0.1,100,30,0.5,20,500,0.7823129296302795,0.7444076538085938,-0.5442176908254623,-0.06255179643630981,tensor(941),0.9931972622871399,0.0,0.9913007616996765,0.002899765968322754,tensor(970),0.9931972622871399,0.0,0.9900580048561096,0.004556775093078613,tensor(607),0.9863945245742798,0.0034013986587524414,0.9937862753868103,0.0033140182495117188,tensor(918),0.9795918464660645,0.006802678108215332,0.983015775680542,0.008699238300323486,tensor(321),0.9795918464660645,0.017006754875183105,0.9817730188369751,0.007456481456756592
2022-04-05-14:18:19,102,cora,0.1,100,30,0.1,20,500,0.7340824007987976,0.7763211727142334,-0.2921348214149475,0.006145000457763672,tensor(832),1.0,-0.011235952377319336,0.9954936504364014,-0.004916012287139893,tensor(305),0.9400749206542969,0.011235952377319336,0.9537075161933899,0.006964325904846191,tensor(1119),0.966292142868042,-0.007490634918212891,0.9762392640113831,-0.00040972232818603516,tensor(850),0.9962546825408936,0.0,0.991396963596344,-0.004506349563598633,tensor(257),0.9887640476226807,-0.011235952377319336,0.9873002767562866,0.006145000457763672
2022-04-05-14:18:31,102,cora,0.1,100,30,0.25,20,500,0.7340824007987976,0.7763211727142334,-0.5205992460250854,-0.022941410541534424,tensor(832),1.0,0.0,0.9954936504364014,0.0032773613929748535,tensor(305),0.9400749206542969,0.03370785713195801,0.9537075161933899,-0.006145060062408447,tensor(1119),0.966292142868042,0.007490634918212891,0.9762392640113831,0.006145000457763672,tensor(850),0.9962546825408936,0.0,0.991396963596344,0.004916012287139893,tensor(257),0.9887640476226807,0.007490634918212891,0.9873002767562866,0.009832024574279785
2022-04-05-14:18:43,102,cora,0.1,100,30,0.5,20,500,0.7340824007987976,0.7763211727142334,-0.516853928565979,-0.024580061435699463,tensor(832),1.0,-0.0037453174591064453,0.9954936504364014,0.0024579763412475586,tensor(305),0.9400749206542969,-0.06741571426391602,0.9537075161933899,0.01966404914855957,tensor(1119),0.966292142868042,0.007490634918212891,0.9762392640113831,0.005325675010681152,tensor(850),0.9962546825408936,0.0,0.991396963596344,0.004096686840057373,tensor(257),0.9887640476226807,0.007490634918212891,0.9873002767562866,0.009012699127197266
2022-04-05-14:18:55,103,cora,0.1,100,30,0.1,20,500,0.7676056027412415,0.7685644030570984,-0.4154929220676422,0.014438927173614502,tensor(629),0.9894366264343262,-0.03169018030166626,0.9760726094245911,0.004125416278839111,tensor(89),0.9577464461326599,0.01760566234588623,0.9447194933891296,-0.012376248836517334,tensor(1428),1.0,0.0,0.9855610728263855,-0.004950463771820068,tensor(872),0.9823943376541138,-0.010563373565673828,0.9426568150520325,-0.014851510524749756,tensor(771),0.9964788556098938,0.003521144390106201,0.9785478711128235,0.006188154220581055
2022-04-05-14:19:06,103,cora,0.1,100,30,0.25,20,500,0.7676056027412415,0.7685644030570984,-0.5457746237516403,-0.023514866828918457,tensor(629),0.9894366264343262,-0.07394367456436157,0.9760726094245911,0.018151819705963135,tensor(89),0.9577464461326599,0.010563373565673828,0.9447194933891296,-0.007838249206542969,tensor(1428),1.0,-0.003521144390106201,0.9855610728263855,-0.000825047492980957,tensor(872),0.9823943376541138,0.0,0.9426568150520325,-0.02145218849182129,tensor(771),0.9964788556098938,0.003521144390106201,0.9785478711128235,0.013613879680633545
2022-04-05-14:19:19,103,cora,0.1,100,30,0.5,20,500,0.7676056027412415,0.7685644030570984,-0.580985888838768,-0.021039605140686035,tensor(629),0.9894366264343262,-0.03873240947723389,0.9760726094245911,0.017326772212982178,tensor(89),0.9577464461326599,0.024647891521453857,0.9447194933891296,-0.018564343452453613,tensor(1428),1.0,0.0,0.9855610728263855,0.012788772583007812,tensor(872),0.9823943376541138,-0.049295783042907715,0.9426568150520325,-0.003712892532348633,tensor(771),0.9964788556098938,0.003521144390106201,0.9785478711128235,0.011551141738891602
2022-04-05-14:19:31,104,cora,0.1,100,30,0.1,20,500,0.7727272510528564,0.7592898607254028,-0.34265732765197754,0.00495457649230957,tensor(1280),0.9895104765892029,0.006992995738983154,0.9706854224205017,0.010322034358978271,tensor(669),1.0,0.0,0.9917423725128174,0.003303050994873047,tensor(546),0.9685314297676086,0.01048952341079712,0.9723369479179382,-0.0020644068717956543,tensor(1046),0.9755244851112366,0.017482519149780273,0.9789430499076843,0.008670508861541748,tensor(1270),0.9930070042610168,0.006992995738983154,0.9913294911384583,0.002890169620513916
2022-04-05-14:19:42,104,cora,0.1,100,30,0.25,20,500,0.7727272510528564,0.7592898607254028,-0.47902095317840576,-0.002477288246154785,tensor(1280),0.9895104765892029,0.0,0.9706854224205017,0.00990915298461914,tensor(669),1.0,-0.006992995738983154,0.9917423725128174,0.0016515254974365234,tensor(546),0.9685314297676086,0.024475574493408203,0.9723369479179382,-0.004128813743591309,tensor(1046),0.9755244851112366,0.017482519149780273,0.9789430499076843,0.005780339241027832,tensor(1270),0.9930070042610168,0.0,0.9913294911384583,0.002477288246154785
2022-04-05-14:19:54,104,cora,0.1,100,30,0.5,20,500,0.7727272510528564,0.7592898607254028,-0.5209789872169495,-0.00990915298461914,tensor(1280),0.9895104765892029,0.006992995738983154,0.9706854224205017,0.011560678482055664,tensor(669),1.0,0.0,0.9917423725128174,0.003303050994873047,tensor(546),0.9685314297676086,0.027972042560577393,0.9723369479179382,0.006193220615386963,tensor(1046),0.9755244851112366,0.017482519149780273,0.9789430499076843,0.00949627161026001,tensor(1270),0.9930070042610168,0.006992995738983154,0.9913294911384583,0.004128813743591309
2022-04-05-14:20:07,100,citeseer,0.1,100,30,0.1,20,500,0.6761006116867065,0.6312625408172607,-0.14150941371917725,-0.0270540714263916,tensor(3482),0.9905660152435303,-0.003144681453704834,0.9986640214920044,-0.0026720166206359863,tensor(151),0.9874213337898254,0.003144681453704834,0.9949900507926941,0.0006679892539978027,tensor(1724),0.9874213337898254,-0.006289303302764893,0.9836339950561523,0.0,tensor(1735),0.9999999403953552,0.0,0.9979960322380066,0.0006679892539978027,tensor(3694),0.9905660152435303,0.0,0.9959920048713684,-0.009352028369903564
2022-04-05-14:20:21,100,citeseer,0.1,100,30,0.25,20,500,0.6761006116867065,0.6312625408172607,-0.12893080711364746,-0.010354042053222656,tensor(3482),0.9905660152435303,-0.003144681453704834,0.9986640214920044,0.0,tensor(151),0.9874213337898254,-0.0031446218490600586,0.9949900507926941,0.0010019540786743164,tensor(1724),0.9874213337898254,0.009433984756469727,0.9836339950561523,0.006345987319946289,tensor(1735),0.9999999403953552,-0.009433925151824951,0.9979960322380066,0.0,tensor(3694),0.9905660152435303,-0.006289303302764893,0.9959920048713684,0.0023380517959594727
2022-04-05-14:20:34,100,citeseer,0.1,100,30,0.5,20,500,0.6761006116867065,0.6312625408172607,-0.18553459644317627,0.0016700029373168945,tensor(3482),0.9905660152435303,-0.018867909908294678,0.9986640214920044,-0.0030059814453125,tensor(151),0.9874213337898254,0.003144681453704834,0.9949900507926941,0.0010019540786743164,tensor(1724),0.9874213337898254,-0.07547169923782349,0.9836339950561523,0.006345987319946289,tensor(1735),0.9999999403953552,0.0,0.9979960322380066,0.0013359785079956055,tensor(3694),0.9905660152435303,-0.02201259136199951,0.9959920048713684,-0.003340005874633789
2022-04-05-14:20:48,101,citeseer,0.1,100,30,0.1,20,500,0.6685082912445068,0.6349152326583862,-0.11049723625183105,-0.0494915246963501,tensor(762),0.9530386924743652,-0.03591156005859375,0.9603390097618103,-0.03694915771484375,tensor(2382),0.9889503121376038,0.0,0.9935593008995056,0.002372920513153076,tensor(1513),1.0,-0.005524814128875732,0.997288167476654,-0.0016949176788330078,tensor(1710),0.9944751858711243,-0.005524873733520508,0.9979661107063293,-0.000677943229675293,tensor(2913),0.9972376227378845,-0.008287310600280762,0.9952542185783386,-0.000677943229675293
2022-04-05-14:21:01,101,citeseer,0.1,100,30,0.25,20,500,0.6685082912445068,0.6349152326583862,-0.09944748878479004,-0.03796607255935669,tensor(762),0.9530386924743652,-0.019336998462677002,0.9603390097618103,-0.041016995906829834,tensor(2382),0.9889503121376038,0.0,0.9935593008995056,0.0020339488983154297,tensor(1513),1.0,0.0,0.997288167476654,-0.0003390312194824219,tensor(1710),0.9944751858711243,-0.005524873733520508,0.9979661107063293,-0.000677943229675293,tensor(2913),0.9972376227378845,-0.008287310600280762,0.9952542185783386,-0.000677943229675293
2022-04-05-14:21:14,101,citeseer,0.1,100,30,0.5,20,500,0.6685082912445068,0.6349152326583862,-0.16022098064422607,-0.1159321665763855,tensor(762),0.9530386924743652,-0.005524814128875732,0.9603390097618103,-0.009152591228485107,tensor(2382),0.9889503121376038,0.0,0.9935593008995056,0.0020339488983154297,tensor(1513),1.0,0.0,0.997288167476654,0.0,tensor(1710),0.9944751858711243,0.0,0.9979661107063293,-0.0003389716148376465,tensor(2913),0.9972376227378845,-0.022099435329437256,0.9952542185783386,-0.0010169148445129395
2022-04-05-14:21:28,102,citeseer,0.1,100,30,0.1,20,500,0.6322188377380371,0.6583976149559021,-0.03951364755630493,-0.02883005142211914,tensor(2089),1.0,-0.0030394792556762695,0.993630588054657,0.002346634864807129,tensor(2842),0.9848024249076843,0.003039538860321045,0.985920250415802,0.00838083028793335,tensor(1482),0.9908814430236816,-0.0030394792556762695,0.9956420063972473,0.0013409256935119629,tensor(854),0.9878419637680054,0.0060790181159973145,0.9862554669380188,0.009386539459228516,tensor(2319),0.9908814430236816,0.0,0.9932953715324402,0.001005709171295166
2022-04-05-14:21:42,102,citeseer,0.1,100,30,0.25,20,500,0.6322188377380371,0.6583976149559021,-0.12765955924987793,-0.08716058731079102,tensor(2089),1.0,0.0,0.993630588054657,-0.0016761422157287598,tensor(2842),0.9848024249076843,0.0060790181159973145,0.985920250415802,0.0067046284675598145,tensor(1482),0.9908814430236816,0.0,0.9956420063972473,-0.0003352165222167969,tensor(854),0.9878419637680054,0.00911855697631836,0.9862554669380188,0.005698978900909424,tensor(2319),0.9908814430236816,0.003039538860321045,0.9932953715324402,-0.004022777080535889
2022-04-05-14:21:55,102,citeseer,0.1,100,30,0.5,20,500,0.6322188377380371,0.6583976149559021,-0.13373857736587524,-0.05296683311462402,tensor(2089),1.0,-0.0060790181159973145,0.993630588054657,0.001005709171295166,tensor(2842),0.9848024249076843,0.0060790181159973145,0.985920250415802,0.006369411945343018,tensor(1482),0.9908814430236816,0.0,0.9956420063972473,-0.0003352165222167969,tensor(854),0.9878419637680054,0.00911855697631836,0.9862554669380188,0.005698978900909424,tensor(2319),0.9908814430236816,0.003039538860321045,0.9932953715324402,-0.0026818513870239258
2022-04-05-14:22:09,103,citeseer,0.1,100,30,0.1,20,500,0.5969696640968323,0.6381622552871704,-0.0878787636756897,-0.02179741859436035,tensor(2107),0.9878787398338318,-0.0030303001403808594,0.9939637184143066,-0.0013413429260253906,tensor(1116),0.9878787398338318,-0.021212100982666016,0.9828973412513733,-0.011401712894439697,tensor(1009),0.9909090399742126,0.0030303001403808594,0.9959757924079895,0.001341402530670166,tensor(2671),0.9909090399742126,-0.006060600280761719,0.9849094152450562,0.007712960243225098,tensor(3624),0.9969696402549744,-0.0030303001403808594,0.9963111877441406,0.0
2022-04-05-14:22:22,103,citeseer,0.1,100,30,0.25,20,500,0.5969696640968323,0.6381622552871704,0.02121216058731079,-0.011737048625946045,tensor(2107),0.9878787398338318,-0.0030303001403808594,0.9939637184143066,-0.0013413429260253906,tensor(1116),0.9878787398338318,0.012121200561523438,0.9828973412513733,0.010395705699920654,tensor(1009),0.9909090399742126,0.0030303001403808594,0.9959757924079895,0.001341402530670166,tensor(2671),0.9909090399742126,-0.0030303001403808594,0.9849094152450562,0.006036221981048584,tensor(3624),0.9969696402549744,0.0,0.9963111877441406,0.0016766786575317383
2022-04-05-14:22:36,103,citeseer,0.1,100,30,0.5,20,500,0.5969696640968323,0.6381622552871704,-0.17272725701332092,-0.00871896743774414,tensor(2107),0.9878787398338318,-0.0030303001403808594,0.9939637184143066,-0.0013413429260253906,tensor(1116),0.9878787398338318,0.006060600280761719,0.9828973412513733,0.005700886249542236,tensor(1009),0.9909090399742126,0.0030303001403808594,0.9959757924079895,0.001341402530670166,tensor(2671),0.9909090399742126,-0.0030303001403808594,0.9849094152450562,0.006371557712554932,tensor(3624),0.9969696402549744,-0.0030303001403808594,0.9963111877441406,0.0
2022-04-05-14:22:49,104,citeseer,0.1,100,30,0.1,20,500,0.638484001159668,0.670932948589325,-0.1953352987766266,-0.011114835739135742,tensor(1845),1.0,0.0,0.9919164776802063,0.0026944875717163086,tensor(713),0.9941691160202026,-0.017492711544036865,0.9942741394042969,0.0023577213287353516,tensor(983),1.0,0.0,0.9949477910995483,-0.0010104179382324219,tensor(2346),0.9970845580101013,-0.014577209949493408,0.9959582090377808,0.0023577213287353516,tensor(1347),0.9970845580101013,-0.008746325969696045,0.9949477910995483,0.0006736516952514648
2022-04-05-14:23:03,104,citeseer,0.1,100,30,0.25,20,500,0.638484001159668,0.670932948589325,-0.00874638557434082,-0.011114835739135742,tensor(1845),1.0,0.0,0.9919164776802063,0.002357661724090576,tensor(713),0.9941691160202026,0.0,0.9942741394042969,0.0,tensor(983),1.0,0.0,0.9949477910995483,-0.0023577213287353516,tensor(2346),0.9970845580101013,0.0,0.9959582090377808,0.0,tensor(1347),0.9970845580101013,0.0,0.9949477910995483,0.0013472437858581543
2022-04-05-14:23:16,104,citeseer,0.1,100,30,0.5,20,500,0.638484001159668,0.670932948589325,-0.011661827564239502,0.004378616809844971,tensor(1845),1.0,0.0,0.9919164776802063,0.0026944875717163086,tensor(713),0.9941691160202026,0.0,0.9942741394042969,0.0003368258476257324,tensor(983),1.0,0.0,0.9949477910995483,-0.0023577213287353516,tensor(2346),0.9970845580101013,-0.05830901861190796,0.9959582090377808,-0.060289621353149414,tensor(1347),0.9970845580101013,0.0,0.9949477910995483,0.0013472437858581543
2022-04-05-14:23:28,100,Polblogs,0.1,100,30,0.1,20,500,0.800000011920929,0.8435423970222473,-0.4074074327945709,0.03394836187362671,tensor(909),0.9851851463317871,0.01481485366821289,0.9889298677444458,0.007380068302154541,tensor(451),0.8962962627410889,0.10370373725891113,0.9357933402061462,0.06125462055206299,tensor(400),0.9851851463317871,0.01481485366821289,0.9933578968048096,0.003690063953399658,tensor(998),0.9851851463317871,0.01481485366821289,0.9911438822746277,0.005904078483581543,tensor(1207),0.9851851463317871,0.01481485366821289,0.9926199316978455,0.0044280290603637695
2022-04-05-14:23:40,100,Polblogs,0.1,100,30,0.25,20,500,0.800000011920929,0.8435423970222473,-0.4296296536922455,0.05387455224990845,tensor(909),0.9851851463317871,0.01481485366821289,0.9889298677444458,-0.015498161315917969,tensor(451),0.8962962627410889,0.10370373725891113,0.9357933402061462,0.0605165958404541,tensor(400),0.9851851463317871,0.01481485366821289,0.9933578968048096,0.0029520392417907715,tensor(998),0.9851851463317871,0.01481485366821289,0.9911438822746277,0.0022140145301818848,tensor(1207),0.9851851463317871,0.007407426834106445,0.9926199316978455,-0.02509230375289917
2022-04-05-14:23:52,100,Polblogs,0.1,100,30,0.5,20,500,0.800000011920929,0.8435423970222473,-0.35555556416511536,0.030996322631835938,tensor(909),0.9851851463317871,0.01481485366821289,0.9889298677444458,0.0022140145301818848,tensor(451),0.8962962627410889,0.10370373725891113,0.9357933402061462,0.05608856678009033,tensor(400),0.9851851463317871,0.01481485366821289,0.9933578968048096,-0.001475989818572998,tensor(998),0.9851851463317871,0.01481485366821289,0.9911438822746277,0.0007380247116088867,tensor(1207),0.9851851463317871,0.01481485366821289,0.9926199316978455,-0.0014760494232177734
2022-04-05-14:24:03,101,Polblogs,0.1,100,30,0.1,20,500,0.8211920261383057,0.8177744746208191,-0.4304635524749756,0.06497383117675781,tensor(348),0.9867549538612366,0.013245046138763428,0.9873039722442627,0.010455548763275146,tensor(828),0.9536423683166504,0.04635763168334961,0.9477221965789795,0.048543691635131836,tensor(477),0.9933775067329407,0.006622493267059326,0.9738610982894897,0.023151636123657227,tensor(1403),0.9668874144554138,0.0,0.9536967873573303,0.04107546806335449,tensor(1419),1.0,0.0,0.997012734413147,-0.002240478992462158
2022-04-05-14:24:14,101,Polblogs,0.1,100,30,0.25,20,500,0.8211920261383057,0.8177744746208191,-0.41059601306915283,0.08887231349945068,tensor(348),0.9867549538612366,0.013245046138763428,0.9873039722442627,0.008215069770812988,tensor(828),0.9536423683166504,0.04635763168334961,0.9477221965789795,0.04630321264266968,tensor(477),0.9933775067329407,0.006622493267059326,0.9738610982894897,0.020164310932159424,tensor(1403),0.9668874144554138,0.03311258554458618,0.9536967873573303,0.04032862186431885,tensor(1419),1.0,0.0,0.997012734413147,-0.0029873251914978027
2022-04-05-14:24:25,101,Polblogs,0.1,100,30,0.5,20,500,0.8211920261383057,0.8177744746208191,-0.4039734899997711,0.04929053783416748,tensor(348),0.9867549538612366,0.013245046138763428,0.9873039722442627,0.004480957984924316,tensor(828),0.9536423683166504,0.04635763168334961,0.9477221965789795,0.04406273365020752,tensor(477),0.9933775067329407,0.006622493267059326,0.9738610982894897,0.017923831939697266,tensor(1403),0.9668874144554138,0.03311258554458618,0.9536967873573303,0.037341296672821045,tensor(1419),1.0,0.0,0.997012734413147,-0.0059746503829956055
2022-04-05-14:24:36,102,Polblogs,0.1,100,30,0.1,20,500,0.8048779964447021,0.8122172355651855,-0.4695121645927429,0.1108596920967102,tensor(959),0.9999999403953552,-0.024390220642089844,0.993966817855835,0.0015082955360412598,tensor(1091),0.9817072749137878,-0.25609755516052246,0.9766214489936829,0.018099546432495117,tensor(733),0.9268292188644409,-0.06707316637039185,0.9411764740943909,0.05429863929748535,tensor(649),0.957317054271698,-0.2743902802467346,0.9788838624954224,0.018853724002838135,tensor(503),0.9268292188644409,-0.2378048300743103,0.9396681785583496,0.05731523036956787
2022-04-05-14:24:47,102,Polblogs,0.1,100,30,0.25,20,500,0.8048779964447021,0.8122172355651855,-0.48170727491378784,0.06561082601547241,tensor(959),0.9999999403953552,0.0,0.993966817855835,0.0,tensor(1091),0.9817072749137878,0.018292665481567383,0.9766214489936829,0.019607841968536377,tensor(733),0.9268292188644409,0.0731707215309143,0.9411764740943909,0.05279034376144409,tensor(649),0.957317054271698,0.036585330963134766,0.9788838624954224,0.015082955360412598,tensor(503),0.9268292188644409,0.0731707215309143,0.9396681785583496,0.05354452133178711
2022-04-05-14:24:59,102,Polblogs,0.1,100,30,0.5,20,500,0.8048779964447021,0.8122172355651855,-0.5670731216669083,0.1236802339553833,tensor(959),0.9999999403953552,-0.18902438879013062,0.993966817855835,-0.004524886608123779,tensor(1091),0.9817072749137878,0.0,0.9766214489936829,0.01432877779006958,tensor(733),0.9268292188644409,-0.08536583185195923,0.9411764740943909,0.04901963472366333,tensor(649),0.957317054271698,-0.33536583185195923,0.9788838624954224,0.011312246322631836,tensor(503),0.9268292188644409,-0.21341460943222046,0.9396681785583496,0.05052793025970459
2022-04-05-14:25:10,103,Polblogs,0.1,100,30,0.1,20,500,0.8157894611358643,0.8333333134651184,-0.6052631437778473,0.08445441722869873,tensor(387),1.0,-0.3947368264198303,0.9955157041549683,0.0037369132041931152,tensor(1413),0.9802631735801697,-0.375,0.9887892603874207,0.011210739612579346,tensor(341),0.9868420958518982,-0.41447365283966064,0.9857996702194214,0.01345294713973999,tensor(830),1.0,-0.42763155698776245,0.9947683215141296,0.004484295845031738,tensor(694),0.9736841917037964,-0.375,0.9671151041984558,0.032137513160705566
2022-04-05-14:25:21,103,Polblogs,0.1,100,30,0.25,20,500,0.8157894611358643,0.8333333134651184,-0.6644736677408218,0.11958146095275879,tensor(387),1.0,-0.4736841917037964,0.9955157041549683,0.0037369132041931152,tensor(1413),0.9802631735801697,-0.44078946113586426,0.9887892603874207,0.011210739612579346,tensor(341),0.9868420958518982,-0.46710526943206787,0.9857996702194214,0.01345294713973999,tensor(830),1.0,-0.4736841917037964,0.9947683215141296,0.004484295845031738,tensor(694),0.9736841917037964,-0.4473683834075928,0.9671151041984558,0.032137513160705566
2022-04-05-14:25:33,103,Polblogs,0.1,100,30,0.5,20,500,0.8157894611358643,0.8333333134651184,-0.6973684057593346,0.12257099151611328,tensor(387),1.0,-0.5065789520740509,0.9955157041549683,0.0,tensor(1413),0.9802631735801697,-0.47368425130844116,0.9887892603874207,0.008221209049224854,tensor(341),0.9868420958518982,-0.4934210479259491,0.9857996702194214,0.010463416576385498,tensor(830),1.0,-0.5065789520740509,0.9947683215141296,0.001494765281677246,tensor(694),0.9736841917037964,-0.4736841917037964,0.9671151041984558,0.029147982597351074
2022-04-05-14:25:43,104,Polblogs,0.1,100,30,0.1,20,500,0.7878787517547607,0.8166037797927856,-0.3393939137458801,0.07471698522567749,tensor(152),0.9696969389915466,0.024242401123046875,0.9554716944694519,0.04150944948196411,tensor(781),0.9939393401145935,0.006060600280761719,0.997735857963562,-0.0015094280242919922,tensor(821),0.9878787398338318,0.006060600280761719,0.995471715927124,0.0022641420364379883,tensor(830),0.9818181395530701,0.012121200561523438,0.99622642993927,-0.021886825561523438,tensor(969),0.9939393401145935,0.006060600280761719,0.997735857963562,-0.0022641420364379883
2022-04-05-14:25:55,104,Polblogs,0.1,100,30,0.25,20,500,0.7878787517547607,0.8166037797927856,-0.3393939137458801,0.023396193981170654,tensor(152),0.9696969389915466,0.030303001403808594,0.9554716944694519,0.03547167778015137,tensor(781),0.9939393401145935,0.006060600280761719,0.997735857963562,-0.005283057689666748,tensor(821),0.9878787398338318,0.006060600280761719,0.995471715927124,-0.0022641420364379883,tensor(830),0.9818181395530701,0.006060600280761719,0.99622642993927,-0.009811341762542725,tensor(969),0.9939393401145935,0.006060600280761719,0.997735857963562,-0.009056627750396729
2022-04-05-14:26:07,104,Polblogs,0.1,100,30,0.5,20,500,0.7878787517547607,0.8166037797927856,-0.31515148282051086,0.11094337701797485,tensor(152),0.9696969389915466,0.030303001403808594,0.9554716944694519,0.024150967597961426,tensor(781),0.9939393401145935,0.006060600280761719,0.997735857963562,-0.012830197811126709,tensor(821),0.9878787398338318,0.006060600280761719,0.995471715927124,-0.018113255500793457,tensor(830),0.9818181395530701,0.012121200561523438,0.99622642993927,-0.015094339847564697,tensor(969),0.9939393401145935,0.006060600280761719,0.997735857963562,-0.022641539573669434
2022-04-05-14:27:03,100,flickr,0.1,100,30,0.1,20,500,0.42582419514656067,0.42398130893707275,0.02335163950920105,0.023075789213180542,tensor(6620),0.9986264109611511,-0.20192307233810425,0.9982474446296692,-0.00014609098434448242,tensor(5723),0.9972527623176575,-0.09203296899795532,0.9963487982749939,0.002190709114074707,tensor(10475),0.9972527623176575,-0.056318700313568115,0.996786892414093,0.0023368000984191895,tensor(1913),0.9931318759918213,-0.08928567171096802,0.9932817220687866,0.002044677734375,tensor(8066),1.0,-0.1332417130470276,0.9976631999015808,0.0011684298515319824
2022-04-05-14:28:15,100,flickr,0.1,100,30,0.25,20,500,0.42582419514656067,0.42398130893707275,0.1469779908657074,0.014166802167892456,tensor(6620),0.9986264109611511,0.0,0.9982474446296692,-0.00014609098434448242,tensor(5723),0.9972527623176575,0.0013736486434936523,0.9963487982749939,0.0024828314781188965,tensor(10475),0.9972527623176575,0.0013736486434936523,0.996786892414093,0.0021907687187194824,tensor(1913),0.9931318759918213,0.0013736486434936523,0.9932817220687866,0.0010223388671875,tensor(8066),1.0,0.0,0.9976631999015808,0.00029212236404418945
2022-04-05-14:29:30,100,flickr,0.1,100,30,0.5,20,500,0.42582419514656067,0.42398130893707275,0.22664836049079895,-0.032715052366256714,tensor(6620),0.9986264109611511,-0.2321428656578064,0.9982474446296692,0.0007302165031433105,tensor(5723),0.9972527623176575,-0.03021979331970215,0.9963487982749939,0.0033591389656066895,tensor(10475),0.9972527623176575,0.0013736486434936523,0.996786892414093,0.002482891082763672,tensor(1913),0.9931318759918213,-0.03571426868438721,0.9932817220687866,0.002628922462463379,tensor(8066),1.0,-0.09203296899795532,0.9976631999015808,0.0011684298515319824
2022-04-05-14:30:40,101,flickr,0.1,100,30,0.1,20,500,0.4652956426143646,0.4871266782283783,-0.07326480746269226,-0.038252174854278564,tensor(714),0.9974293112754822,-0.06812340021133423,0.99382084608078,0.0010298490524291992,tensor(4585),0.9948586225509644,-0.1015424132347107,0.9964690208435059,0.0017654895782470703,tensor(683),0.9897172451019287,-0.13624680042266846,0.9902898669242859,0.002206861972808838,tensor(3253),0.9961439371109009,-0.14524418115615845,0.9964690208435059,0.0008827447891235352,tensor(7988),1.0,-0.06683802604675293,0.9982345104217529,0.0008827447891235352
2022-04-05-14:31:52,101,flickr,0.1,100,30,0.25,20,500,0.4652956426143646,0.4871266782283783,0.1388174593448639,-0.022215694189071655,tensor(714),0.9974293112754822,0.0,0.99382084608078,-0.0007356405258178711,tensor(4585),0.9948586225509644,0.0025706887245178223,0.9964690208435059,0.0,tensor(683),0.9897172451019287,0.0,0.9902898669242859,-0.0010299086570739746,tensor(3253),0.9961439371109009,0.0,0.9964690208435059,-0.0013240575790405273,tensor(7988),1.0,0.0,0.9982345104217529,-0.0013241171836853027
2022-04-05-14:33:06,101,flickr,0.1,100,30,0.5,20,500,0.4652956426143646,0.4871266782283783,0.15552696585655212,-0.06296893954277039,tensor(714),0.9974293112754822,0.0,0.99382084608078,0.0004413723945617676,tensor(4585),0.9948586225509644,0.0025706887245178223,0.9964690208435059,0.0008827447891235352,tensor(683),0.9897172451019287,0.0,0.9902898669242859,0.0,tensor(3253),0.9961439371109009,0.0,0.9964690208435059,0.0002942681312561035,tensor(7988),1.0,0.0,0.9982345104217529,0.0004413723945617676
2022-04-05-14:34:16,102,flickr,0.1,100,30,0.1,20,500,0.45335084199905396,0.47813326120376587,0.018396854400634766,-0.03624892234802246,tensor(10916),1.0,0.0,0.9991194605827332,-0.07778102159500122,tensor(3166),0.9973718523979187,0.0,0.9980921745300293,-0.00014674663543701172,tensor(6216),0.998685896396637,0.0,0.9979454278945923,-0.0001468062400817871,tensor(4056),1.0,0.0,0.9985324144363403,-0.07337832450866699,tensor(613),0.9921156167984009,0.0013140439987182617,0.9936894774436951,-0.038890540599823
2022-04-05-14:35:28,102,flickr,0.1,100,30,0.25,20,500,0.45335084199905396,0.47813326120376587,0.262812077999115,-0.0387437641620636,tensor(10916),1.0,0.0,0.9991194605827332,-0.08042263984680176,tensor(3166),0.9973718523979187,0.0,0.9980921745300293,-0.05518054962158203,tensor(6216),0.998685896396637,0.0,0.9979454278945923,-0.089374840259552,tensor(4056),1.0,0.0,0.9985324144363403,-0.09157615900039673,tensor(613),0.9921156167984009,0.0,0.9936894774436951,-0.04975050687789917
2022-04-05-14:36:44,102,flickr,0.1,100,30,0.5,20,500,0.45335084199905396,0.47813326120376587,0.29566359519958496,-0.056648075580596924,tensor(10916),1.0,0.0,0.9991194605827332,-0.006017029285430908,tensor(3166),0.9973718523979187,0.0,0.9980921745300293,-0.007044315338134766,tensor(6216),0.998685896396637,0.0,0.9979454278945923,-0.012914597988128662,tensor(4056),1.0,0.0,0.9985324144363403,-0.005283236503601074,tensor(613),0.9921156167984009,0.0,0.9936894774436951,-0.0016143321990966797
2022-04-05-14:37:55,103,flickr,0.1,100,30,0.1,20,500,0.49090906977653503,0.4896399676799774,-0.11818179488182068,-0.031300514936447144,tensor(3198),0.998701274394989,-0.05194807052612305,0.9975018501281738,0.0019103288650512695,tensor(388),0.9922077655792236,0.0,0.9905951619148254,0.0002938508987426758,tensor(9566),1.0,-0.05064934492111206,0.9973548650741577,0.0014694929122924805,tensor(668),0.9896103739738464,-0.09480518102645874,0.9923585653305054,0.0008816719055175781,tensor(594),0.9935064911842346,-0.038961052894592285,0.9908890128135681,0.002645134925842285
2022-04-05-14:39:07,103,flickr,0.1,100,30,0.25,20,500,0.49090906977653503,0.4896399676799774,-0.15194803476333618,-0.08552536368370056,tensor(3198),0.998701274394989,-0.020779192447662354,0.9975018501281738,0.0019103288650512695,tensor(388),0.9922077655792236,0.0,0.9905951619148254,0.000587761402130127,tensor(9566),1.0,-0.02727276086807251,0.9973548650741577,0.0014694929122924805,tensor(668),0.9896103739738464,0.0,0.9923585653305054,-0.08479058742523193,tensor(594),0.9935064911842346,-0.3610389828681946,0.9908890128135681,-0.4214547872543335
2022-04-05-14:45:24,103,flickr,0.1,100,30,0.5,20,500,0.49090906977653503,0.4896399676799774,-0.018181800842285156,-0.05055105686187744,tensor(3198),0.998701274394989,-0.045454561710357666,0.9975018501281738,0.0019103288650512695,tensor(388),0.9922077655792236,0.0,0.9905951619148254,0.0001469254493713379,tensor(9566),1.0,-0.04675328731536865,0.9973548650741577,0.0014694929122924805,tensor(668),0.9896103739738464,-0.07792210578918457,0.9923585653305054,0.0008816719055175781,tensor(594),0.9935064911842346,-0.02727276086807251,0.9908890128135681,0.002645134925842285
2022-04-05-14:46:35,104,flickr,0.1,100,30,0.1,20,500,0.4931676983833313,0.49601179361343384,-0.07701864838600159,-0.06661742925643921,tensor(10075),0.9987577199935913,-0.0049689412117004395,0.9989659786224365,-0.00029540061950683594,tensor(1772),1.0,0.0,0.997636616230011,-0.0004431605339050293,tensor(1541),0.9975154995918274,0.0,0.9951255321502686,0.0,tensor(7867),1.0,0.0,0.9986705780029297,-0.0004431605339050293,tensor(9835),1.0,0.0,0.9989659786224365,-0.005465269088745117
2022-04-05-14:47:49,104,flickr,0.1,100,30,0.25,20,500,0.4931676983833313,0.49601179361343384,0.0658385157585144,-0.04785817861557007,tensor(10075),0.9987577199935913,-0.001242220401763916,0.9989659786224365,-0.0005908608436584473,tensor(1772),1.0,-0.0012422800064086914,0.997636616230011,-0.00014775991439819336,tensor(1541),0.9975154995918274,-0.001242220401763916,0.9951255321502686,0.00029540061950683594,tensor(7867),1.0,-0.0012422800064086914,0.9986705780029297,-0.00014770030975341797,tensor(9835),1.0,-0.0012422800064086914,0.9989659786224365,0.0
2022-04-05-14:49:05,104,flickr,0.1,100,30,0.5,20,500,0.4931676983833313,0.49601179361343384,-0.22732919454574585,-0.15967503190040588,tensor(10075),0.9987577199935913,0.0,0.9989659786224365,-0.05509603023529053,tensor(1772),1.0,0.0,0.997636616230011,-0.06277698278427124,tensor(1541),0.9975154995918274,0.0,0.9951255321502686,-0.04032498598098755,tensor(7867),1.0,0.0,0.9986705780029297,-0.00029546022415161133,tensor(9835),1.0,0.0,0.9989659786224365,-0.04106348752975464
2022-04-05-14:49:52,100,BlogCatalog,0.1,100,30,0.1,20,500,0.7065868377685547,0.7165068984031677,-0.17564868927001953,-0.024707138538360596,tensor(1885),0.9980040192604065,0.0,0.9912672638893127,-0.011927545070648193,tensor(5278),0.9960079789161682,0.0,0.9968050718307495,-0.0008519291877746582,tensor(1291),0.9940119981765747,0.0,0.9884983897209167,-0.0023429393768310547,tensor(7272),0.9960079789161682,0.003992021083831787,0.9923322796821594,-0.005324840545654297,tensor(5067),0.9960079789161682,0.0019960403442382812,0.9974440932273865,-0.005750834941864014
2022-04-05-14:50:32,100,BlogCatalog,0.1,100,30,0.25,20,500,0.7065868377685547,0.7165068984031677,-0.2235529124736786,-0.06198084354400635,tensor(1885),0.9980040192604065,0.0,0.9912672638893127,-0.01256650686264038,tensor(5278),0.9960079789161682,0.0,0.9968050718307495,-0.001277923583984375,tensor(1291),0.9940119981765747,0.0,0.9884983897209167,-0.0002129673957824707,tensor(7272),0.9960079789161682,0.003992021083831787,0.9923322796821594,-0.020873308181762695,tensor(5067),0.9960079789161682,0.0019960403442382812,0.9974440932273865,-0.005537807941436768
2022-04-05-14:51:16,100,BlogCatalog,0.1,100,30,0.5,20,500,0.7065868377685547,0.7165068984031677,-0.07984030246734619,-0.09243875741958618,tensor(1885),0.9980040192604065,0.0,0.9912672638893127,-0.009584665298461914,tensor(5278),0.9960079789161682,0.0,0.9968050718307495,-0.0034078359603881836,tensor(1291),0.9940119981765747,0.0,0.9884983897209167,-0.006815791130065918,tensor(7272),0.9960079789161682,0.003992021083831787,0.9923322796821594,-0.0004259943962097168,tensor(5067),0.9960079789161682,0.0019960403442382812,0.9974440932273865,-0.0061768293380737305
2022-04-05-14:51:55,101,BlogCatalog,0.1,100,30,0.1,20,500,0.692727267742157,0.6745587587356567,0.06909090280532837,-0.03551441431045532,tensor(4581),0.9981818199157715,0.0,0.9984933733940125,-0.007748603820800781,tensor(3529),0.9927272796630859,0.0,0.994834303855896,-0.00731813907623291,tensor(453),0.9581817984580994,0.020000040531158447,0.9481274485588074,-0.015712440013885498,tensor(2047),0.9872727394104004,-0.0072727203369140625,0.9913904666900635,-0.01657336950302124,tensor(3466),0.9909090995788574,0.0072727203369140625,0.9821351766586304,0.00559622049331665
2022-04-05-14:52:36,101,BlogCatalog,0.1,100,30,0.25,20,500,0.692727267742157,0.6745587587356567,-0.03272724151611328,-0.023676276206970215,tensor(4581),0.9981818199157715,0.0,0.9984933733940125,0.0,tensor(3529),0.9927272796630859,0.0,0.994834303855896,0.0,tensor(453),0.9581817984580994,0.020000040531158447,0.9481274485588074,0.015281975269317627,tensor(2047),0.9872727394104004,0.0,0.9913904666900635,-0.0006456971168518066,tensor(3466),0.9909090995788574,0.0072727203369140625,0.9821351766586304,0.014851510524749756
2022-04-05-14:53:19,101,BlogCatalog,0.1,100,30,0.5,20,500,0.692727267742157,0.6745587587356567,-0.1218181848526001,-0.07490313053131104,tensor(4581),0.9981818199157715,0.0,0.9984933733940125,-0.014421045780181885,tensor(3529),0.9927272796630859,0.0,0.994834303855896,-0.00904005765914917,tensor(453),0.9581817984580994,0.020000040531158447,0.9481274485588074,-0.0294877290725708,tensor(2047),0.9872727394104004,0.0,0.9913904666900635,-0.03465348482131958,tensor(3466),0.9909090995788574,0.0072727203369140625,0.9821351766586304,0.0111924409866333
2022-04-05-15:09:24,102,BlogCatalog,0.1,100,30,0.1,20,500,0.7090559005737305,0.6859098076820374,-0.10789984464645386,-0.021381258964538574,tensor(1606),0.9865125417709351,-0.13102120161056519,0.991875171661377,0.00042760372161865234,tensor(25),0.7938343286514282,0.06358379125595093,0.7966645359992981,0.025443673133850098,tensor(4949),0.9884393215179443,-0.11560696363449097,0.9946547150611877,0.0032072067260742188,tensor(2871),0.9845857620239258,-0.007707118988037109,0.9848193526268005,-0.016463518142700195,tensor(3099),0.9961464405059814,0.0,0.9967928528785706,-0.0128287672996521
2022-04-05-15:10:05,102,BlogCatalog,0.1,100,30,0.25,20,500,0.7090559005737305,0.6859098076820374,-0.2196531891822815,-0.03570663928985596,tensor(1606),0.9865125417709351,0.0,0.991875171661377,0.00021380186080932617,tensor(25),0.7938343286514282,0.08285164833068848,0.7966645359992981,-0.06264698505401611,tensor(4949),0.9884393215179443,0.007707118988037109,0.9946547150611877,0.0029934048652648926,tensor(2871),0.9845857620239258,0.009633898735046387,0.9848193526268005,-0.04511439800262451,tensor(3099),0.9961464405059814,0.0,0.9967928528785706,-0.010690629482269287
2022-04-05-15:10:49,102,BlogCatalog,0.1,100,30,0.5,20,500,0.7090559005737305,0.6859098076820374,-0.12524086236953735,-0.04447299242019653,tensor(1606),0.9865125417709351,0.0,0.991875171661377,-0.00021380186080932617,tensor(25),0.7938343286514282,0.08285164833068848,0.7966645359992981,0.011759698390960693,tensor(4949),0.9884393215179443,0.007707118988037109,0.9946547150611877,0.002779543399810791,tensor(2871),0.9845857620239258,0.009633898735046387,0.9848193526268005,0.006200551986694336,tensor(3099),0.9961464405059814,0.0,0.9967928528785706,-0.00042760372161865234
2022-04-05-15:11:28,103,BlogCatalog,0.1,100,30,0.1,20,500,0.7422480583190918,0.7023504376411438,-0.2344961166381836,-0.02585470676422119,tensor(104),0.9108527302742004,-0.2810077667236328,0.9160256385803223,0.0004273653030395508,tensor(7685),0.9961240291595459,-0.1705426573753357,0.9987179636955261,0.0002136826515197754,tensor(2159),0.9922480583190918,-0.17635661363601685,0.9916666746139526,0.0002136826515197754,tensor(4717),0.9961240291595459,-0.08914726972579956,0.9987179636955261,0.0002136826515197754,tensor(6631),0.9961240291595459,-0.14147287607192993,0.9980769157409668,0.0006410479545593262
2022-04-05-15:12:09,103,BlogCatalog,0.1,100,30,0.25,20,500,0.7422480583190918,0.7023504376411438,-0.21705424785614014,-0.038247883319854736,tensor(104),0.9108527302742004,-0.1627907156944275,0.9160256385803223,0.0004273653030395508,tensor(7685),0.9961240291595459,0.0,0.9987179636955261,-0.0004273653030395508,tensor(2159),0.9922480583190918,0.0,0.9916666746139526,0.0,tensor(4717),0.9961240291595459,0.0,0.9987179636955261,0.0,tensor(6631),0.9961240291595459,0.0,0.9980769157409668,-0.0006409883499145508
2022-04-05-15:13:14,103,BlogCatalog,0.1,100,30,0.5,20,500,0.7422480583190918,0.7023504376411438,-0.2228682041168213,-0.08525639772415161,tensor(104),0.9108527302742004,0.0,0.9160256385803223,-0.03632479906082153,tensor(7685),0.9961240291595459,0.0,0.9987179636955261,-0.0019230842590332031,tensor(2159),0.9922480583190918,0.0,0.9916666746139526,-0.0006410479545593262,tensor(4717),0.9961240291595459,0.0,0.9987179636955261,-0.0010683536529541016,tensor(6631),0.9961240291595459,0.0,0.9980769157409668,-0.00320512056350708
2022-04-05-15:13:53,104,BlogCatalog,0.1,100,30,0.1,20,500,0.659217894077301,0.6924232840538025,-0.17690876126289368,-0.021678507328033447,tensor(5961),0.9981378316879272,-0.0893855094909668,0.9978536367416382,0.00021463632583618164,tensor(1165),0.994413435459137,-0.10614526271820068,0.9959218502044678,0.00021463632583618164,tensor(152),0.9441341161727905,-0.07821232080459595,0.9407598376274109,0.00021463632583618164,tensor(1423),0.9776536226272583,-0.17877095937728882,0.9834728240966797,0.006224513053894043,tensor(5005),1.0,-0.115456223487854,0.9969950318336487,0.0006439685821533203
2022-04-05-15:14:34,104,BlogCatalog,0.1,100,30,0.25,20,500,0.659217894077301,0.6924232840538025,-0.3202979564666748,-0.05623525381088257,tensor(5961),0.9981378316879272,0.0,0.9978536367416382,0.0,tensor(1165),0.994413435459137,0.0,0.9959218502044678,0.0,tensor(152),0.9441341161727905,-0.10428309440612793,0.9407598376274109,0.00021463632583618164,tensor(1423),0.9776536226272583,0.013035416603088379,0.9834728240966797,0.006009876728057861,tensor(5005),1.0,0.0,0.9969950318336487,0.00042933225631713867
2022-04-05-15:15:17,104,BlogCatalog,0.1,100,30,0.5,20,500,0.659217894077301,0.6924232840538025,-0.115456223487854,-0.07276242971420288,tensor(5961),0.9981378316879272,-0.11731845140457153,0.9978536367416382,0.00021463632583618164,tensor(1165),0.994413435459137,0.0,0.9959218502044678,-0.00021463632583618164,tensor(152),0.9441341161727905,0.0,0.9407598376274109,-0.0030049681663513184,tensor(1423),0.9776536226272583,0.013035416603088379,0.9834728240966797,0.003863513469696045,tensor(5005),1.0,0.0,0.9969950318336487,-0.0008585453033447266